time,frequency,confidence
0.000,0.000,nan
0.010,0.000,nan
0.020,0.000,nan
0.030,0.000,nan
0.040,0.000,nan
0.050,0.000,nan
0.060,0.000,nan
0.070,0.000,nan
0.080,0.000,nan
0.090,0.000,nan
0.100,0.000,nan
0.110,0.000,nan
0.120,0.000,nan
0.130,555.136,0.248726
0.140,534.229,0.401407
0.150,525.507,0.709279
0.160,522.867,0.833859
0.170,523.722,0.875796
0.180,524.519,0.862942
0.190,525.211,0.810971
0.200,526.226,0.699136
0.210,531.235,0.448990
0.220,267.287,0.403188
0.230,275.253,0.456749
0.240,279.268,0.351033
0.250,138.162,0.576559
0.260,138.526,0.689575
0.270,277.430,0.593835
0.280,276.400,0.710622
0.290,276.300,0.613382
0.300,277.052,0.507770
0.310,138.240,0.755495
0.320,138.379,0.909269
0.330,138.408,0.893352
0.340,138.384,0.918883
0.350,138.456,0.922207
0.360,138.445,0.919569
0.370,138.711,0.843152
0.380,140.777,0.718711
0.390,141.503,0.274759
0.400,1304.185,0.055299
0.410,654.200,0.563786
0.420,656.875,0.759412
0.430,659.284,0.860391
0.440,660.013,0.846961
0.450,92.220,0.308407
0.460,92.538,0.696993
0.470,92.656,0.872194
0.480,92.634,0.933227
0.490,92.655,0.925910
0.500,92.631,0.908892
0.510,92.683,0.910964
0.520,92.743,0.917161
0.530,94.165,0.475366
0.540,292.576,0.295372
0.550,301.857,0.314013
0.560,306.747,0.259833
0.570,156.040,0.229767
0.580,157.481,0.329736
0.590,157.204,0.511658
0.600,156.572,0.419076
0.610,555.353,0.500725
0.620,555.697,0.690527
0.630,555.192,0.709185
0.640,555.517,0.739000
0.650,554.417,0.705469
0.660,554.073,0.695348
0.670,552.725,0.641744
0.680,156.629,0.458570
0.690,156.948,0.818243
0.700,161.640,0.533754
0.710,164.529,0.612976
0.720,164.845,0.618516
0.730,165.883,0.629627
0.740,167.397,0.276390
0.750,167.555,0.514262
0.760,166.088,0.688873
0.770,165.233,0.850951
0.780,164.821,0.918165
0.790,165.245,0.966267
0.800,165.236,0.971135
0.810,165.147,0.970246
0.820,165.165,0.972841
0.830,164.982,0.969827
0.840,164.665,0.934530
0.850,165.187,0.663753
0.860,167.219,0.401149
0.870,169.573,0.285335
0.880,169.558,0.329613
0.890,166.585,0.240224
0.900,163.967,0.404598
0.910,164.306,0.540806
0.920,164.190,0.432688
0.930,165.115,0.490669
0.940,83.766,0.485693
0.950,82.799,0.861904
0.960,82.873,0.905797
0.970,82.781,0.941611
0.980,82.697,0.949001
0.990,82.617,0.950591
1.000,82.774,0.418690
1.010,159.656,0.454515
1.020,158.319,0.310750
1.030,155.088,0.204630
1.040,320.983,0.095373
1.050,325.034,0.631605
1.060,329.489,0.835863
1.070,330.597,0.918554
1.080,330.884,0.920592
1.090,330.380,0.930913
1.100,330.273,0.937745
1.110,330.659,0.935400
1.120,330.535,0.944465
1.130,330.346,0.941499
1.140,329.455,0.915386
1.150,328.114,0.851200
1.160,327.348,0.576835
1.170,128.050,0.297236
1.180,129.448,0.073908
1.190,194.643,0.120120
1.200,192.508,0.185469
1.210,368.975,0.328171
1.220,370.457,0.445563
1.230,184.873,0.545609
1.240,185.310,0.543441
1.250,183.641,0.305032
1.260,92.501,0.772344
1.270,92.828,0.889241
1.280,92.630,0.916309
1.290,92.623,0.917614
1.300,92.535,0.917714
1.310,92.557,0.920173
1.320,93.096,0.515701
1.330,183.171,0.640010
1.340,184.402,0.358843
1.350,189.739,0.361743
1.360,185.572,0.384064
1.370,368.066,0.450940
1.380,185.160,0.699134
1.390,183.478,0.715865
1.400,183.541,0.665989
1.410,182.955,0.751518
1.420,183.170,0.514474
1.430,92.531,0.812912
1.440,92.753,0.883513
1.450,93.173,0.820821
1.460,93.782,0.583681
1.470,93.773,0.256173
1.480,184.525,0.159654
1.490,286.077,0.141018
1.500,280.986,0.330662
1.510,278.911,0.221236
1.520,440.884,0.312506
1.530,440.465,0.609226
1.540,439.941,0.563845
1.550,441.422,0.664067
1.560,441.157,0.592562
1.570,440.853,0.657466
1.580,441.556,0.715877
1.590,441.152,0.747983
1.600,440.224,0.789311
1.610,439.802,0.741252
1.620,439.559,0.560410
1.630,439.418,0.432277
1.640,140.604,0.341114
1.650,166.350,0.246988
1.660,172.995,0.351060
1.670,177.957,0.500090
1.680,178.575,0.412538
1.690,368.389,0.638819
1.700,371.549,0.524561
1.710,184.907,0.563608
1.720,371.083,0.710194
1.730,369.687,0.687041
1.740,367.876,0.531170
1.750,362.757,0.357385
1.760,92.651,0.764263
1.770,92.783,0.883070
1.780,92.625,0.885707
1.790,93.215,0.698915
1.800,285.776,0.193739
1.810,152.974,0.413090
1.820,154.347,0.643426
1.830,155.598,0.809600
1.840,155.946,0.901772
1.850,156.196,0.916426
1.860,156.059,0.929512
1.870,155.952,0.904835
1.880,155.774,0.921074
1.890,155.913,0.902122
1.900,155.930,0.937599
1.910,155.954,0.946688
1.920,155.912,0.951099
1.930,155.796,0.955031
1.940,155.819,0.953594
1.950,156.342,0.934532
1.960,159.480,0.747929
1.970,162.811,0.823257
1.980,164.499,0.880490
1.990,164.961,0.940733
2.000,165.158,0.952706
2.010,164.965,0.952016
2.020,164.967,0.946296
2.030,165.120,0.933945
2.040,165.196,0.944685
2.050,165.085,0.964220
2.060,165.158,0.971216
2.070,165.143,0.971283
2.080,165.182,0.970564
2.090,165.111,0.971130
2.100,165.135,0.969851
2.110,164.989,0.789332
2.120,163.933,0.397593
2.130,167.075,0.158774
2.140,167.347,0.294850
2.150,166.013,0.384346
2.160,82.924,0.382012
2.170,82.493,0.663370
2.180,82.689,0.662778
2.190,82.838,0.707099
2.200,82.965,0.826589
2.210,83.019,0.832533
2.220,82.920,0.901845
2.230,82.687,0.949230
2.240,82.680,0.957317
2.250,82.525,0.950968
2.260,82.575,0.919110
2.270,82.381,0.786526
2.280,80.925,0.247414
2.290,150.429,0.178513
2.300,145.891,0.218359
2.310,70.309,0.382946
2.320,69.507,0.906522
2.330,69.378,0.906656
2.340,69.619,0.794262
2.350,69.700,0.600291
2.360,69.605,0.857438
2.370,69.575,0.953086
2.380,69.497,0.959106
2.390,69.456,0.956283
2.400,69.423,0.957167
2.410,69.453,0.956139
2.420,69.499,0.865267
2.430,147.797,0.134479
2.440,175.289,0.107229
2.450,183.659,0.126586
2.460,93.751,0.276027
2.470,92.876,0.668852
2.480,92.545,0.833078
2.490,92.605,0.849372
2.500,92.713,0.785235
2.510,92.860,0.738464
2.520,92.924,0.858698
2.530,92.713,0.911925
2.540,92.619,0.912301
2.550,92.580,0.920911
2.560,92.511,0.907117
2.570,92.683,0.919888
2.580,92.727,0.696390
2.590,134.307,0.238581
2.600,267.164,0.111455
2.610,510.583,0.110474
2.620,503.524,0.134117
2.630,502.284,0.385181
2.640,505.129,0.435018
2.650,516.687,0.277413
2.660,524.417,0.546641
2.670,525.447,0.756293
2.680,522.887,0.904538
2.690,523.220,0.919433
2.700,523.918,0.877839
2.710,524.657,0.864289
2.720,525.180,0.829164
2.730,525.352,0.760580
2.740,528.721,0.435153
2.750,269.511,0.341437
2.760,278.649,0.233772
2.770,138.373,0.308595
2.780,138.979,0.524100
2.790,138.994,0.577179
2.800,139.298,0.656614
2.810,139.197,0.515706
2.820,138.714,0.611851
2.830,138.319,0.652374
2.840,138.393,0.854729
2.850,138.591,0.918881
2.860,138.479,0.905884
2.870,138.419,0.922307
2.880,138.480,0.927867
2.890,138.426,0.917954
2.900,139.618,0.789684
2.910,141.602,0.604990
2.920,141.940,0.084293
2.930,655.924,0.031857
2.940,655.197,0.222362
2.950,659.964,0.522572
2.960,660.273,0.554362
2.970,185.363,0.366988
2.980,184.761,0.347742
2.990,92.314,0.656834
3.000,92.466,0.902976
3.010,92.646,0.913497
3.020,92.748,0.921016
3.030,92.547,0.922501
3.040,92.530,0.915645
3.050,93.084,0.841999
3.060,287.122,0.249019
3.070,302.437,0.227517
3.080,310.241,0.373434
3.090,312.129,0.341091
3.100,157.980,0.245477
3.110,157.139,0.472343
3.120,156.398,0.518569
3.130,156.151,0.421800
3.140,555.351,0.519731
3.150,555.510,0.667259
3.160,555.163,0.680100
3.170,554.987,0.537239
3.180,553.826,0.623448
3.190,553.886,0.646781
3.200,551.531,0.503922
3.210,156.062,0.356677
3.220,157.234,0.698529
3.230,163.043,0.465144
3.240,164.994,0.472794
3.250,166.269,0.467907
3.260,515.743,0.308503
3.270,523.894,0.549401
3.280,167.481,0.284058
3.290,166.122,0.628233
3.300,165.399,0.831403
3.310,165.083,0.940903
3.320,165.054,0.965911
3.330,165.195,0.971541
3.340,165.223,0.970683
3.350,165.097,0.971240
3.360,165.086,0.969451
3.370,164.544,0.748632
3.380,165.975,0.375335
3.390,167.764,0.276722
3.400,170.508,0.242652
3.410,168.311,0.286372
3.420,164.490,0.291992
3.430,163.622,0.692857
3.440,165.179,0.505753
3.450,165.954,0.257346
3.460,83.749,0.099105
3.470,83.573,0.645147
3.480,82.675,0.912076
3.490,82.659,0.932829
3.500,82.881,0.930904
3.510,82.798,0.943717
3.520,82.730,0.951830
3.530,248.626,0.194287
3.540,160.035,0.361054
3.550,156.787,0.119206
3.560,343.299,0.085274
3.570,328.520,0.300653
3.580,329.771,0.766129
3.590,330.340,0.917642
3.600,330.446,0.943625
3.610,330.576,0.946325
3.620,330.901,0.954330
3.630,330.807,0.950462
3.640,330.516,0.946273
3.650,330.272,0.951926
3.660,329.876,0.952329
3.670,329.424,0.910762
3.680,329.277,0.819446
3.690,338.013,0.398849
3.700,360.584,0.553233
3.710,354.502,0.293539
3.720,355.406,0.458936
3.730,363.231,0.587302
3.740,368.530,0.634388
3.750,371.780,0.788969
3.760,371.455,0.502687
3.770,73.346,0.332015
3.780,73.463,0.647906
3.790,73.891,0.886513
3.800,73.775,0.935454
3.810,73.591,0.934540
3.820,73.514,0.938949
3.830,73.549,0.937975
3.840,73.884,0.453341
3.850,375.912,0.284715
3.860,370.938,0.350024
3.870,175.370,0.129337
3.880,35.402,0.240614
3.890,369.516,0.640689
3.900,369.918,0.740929
3.910,369.137,0.761460
3.920,366.740,0.648827
3.930,367.731,0.309325
3.940,73.896,0.458281
3.950,73.855,0.912206
3.960,73.626,0.934271
3.970,73.606,0.940674
3.980,73.458,0.936329
3.990,73.586,0.948557
4.000,74.005,0.568309
4.010,148.885,0.413672
4.020,150.155,0.200950
4.030,32.612,0.296405
4.040,32.634,0.321935
4.050,441.385,0.456159
4.060,147.421,0.630962
4.070,440.649,0.564332
4.080,147.540,0.736410
4.090,147.547,0.719661
4.100,147.596,0.819073
4.110,147.440,0.805497
4.120,147.374,0.793678
4.130,439.498,0.771902
4.140,147.189,0.710977
4.150,439.339,0.727976
4.160,438.294,0.562901
4.170,464.942,0.203370
4.180,487.301,0.158559
4.190,491.591,0.198014
4.200,493.311,0.479867
4.210,495.072,0.722412
4.220,496.547,0.800168
4.230,496.341,0.859260
4.240,496.882,0.874888
4.250,496.840,0.864866
4.260,496.407,0.713765
4.270,496.893,0.279216
4.280,73.326,0.559853
4.290,73.425,0.840313
4.300,73.458,0.934012
4.310,73.477,0.940714
4.320,184.211,0.160198
4.330,139.075,0.403967
4.340,138.458,0.554161
4.350,138.509,0.746293
4.360,138.978,0.823747
4.370,138.833,0.892023
4.380,138.528,0.914736
4.390,138.548,0.914338
4.400,138.449,0.911737
4.410,138.424,0.904261
4.420,138.442,0.911326
4.430,138.579,0.919331
4.440,138.589,0.928413
4.450,138.669,0.892161
4.460,138.458,0.842687
4.470,137.858,0.811297
4.480,139.385,0.728539
4.490,142.814,0.640481
4.500,145.273,0.791503
4.510,146.318,0.909774
4.520,146.889,0.935241
4.530,146.966,0.944529
4.540,147.106,0.935624
4.550,147.117,0.902168
4.560,147.262,0.929114
4.570,147.266,0.937779
4.580,147.176,0.965436
4.590,147.291,0.967513
4.600,147.231,0.966487
4.610,147.240,0.966725
4.620,147.242,0.967126
4.630,147.228,0.939745
4.640,146.498,0.734253
4.650,291.841,0.310818
4.660,292.008,0.475451
4.670,297.060,0.230408
4.680,103.961,0.350504
4.690,104.078,0.669111
4.700,104.467,0.712909
4.710,104.284,0.707725
4.720,104.103,0.802803
4.730,104.331,0.810225
4.740,104.361,0.798968
4.750,104.239,0.796980
4.760,104.220,0.789309
4.770,104.323,0.712514
4.780,104.428,0.639738
4.790,104.332,0.588896
4.800,212.809,0.467612
4.810,217.448,0.438160
4.820,220.514,0.595425
4.830,221.585,0.618626
4.840,110.212,0.544992
4.850,110.027,0.564529
4.860,110.268,0.519961
4.870,110.779,0.627702
4.880,110.730,0.711434
4.890,110.508,0.792038
4.900,110.347,0.877798
4.910,110.415,0.864620
4.920,110.418,0.863786
4.930,110.591,0.859126
4.940,110.516,0.846041
4.950,112.248,0.479481
4.960,121.209,0.232416
4.970,129.247,0.089325
4.980,135.145,0.149385
4.990,138.774,0.324425
5.000,138.662,0.417093
5.010,493.895,0.549754
5.020,495.211,0.362745
5.030,139.730,0.159155
5.040,493.085,0.124380
5.050,69.121,0.270088
5.060,69.265,0.425231
5.070,69.618,0.902955
5.080,69.732,0.912799
5.090,69.550,0.941142
5.100,69.496,0.954159
5.110,119.443,0.023556
5.120,116.705,0.121737
5.130,33.867,0.025543
5.140,134.966,0.071420
5.150,163.165,0.108746
5.160,495.683,0.372191
5.170,164.731,0.360922
5.180,164.706,0.414327
5.190,163.639,0.399687
5.200,656.660,0.242498
5.210,661.961,0.278075
5.220,69.608,0.515528
5.230,69.757,0.931178
5.240,69.632,0.945292
5.250,69.633,0.949416
5.260,69.514,0.808047
5.270,146.612,0.120087
5.280,284.802,0.496121
5.290,277.264,0.463546
5.300,274.954,0.563254
5.310,275.949,0.683608
5.320,139.329,0.653859
5.330,139.430,0.709480
5.340,139.220,0.749932
5.350,138.820,0.679099
5.360,138.433,0.822844
5.370,138.483,0.920478
5.380,138.319,0.910412
5.390,138.479,0.929879
5.400,138.501,0.921509
5.410,138.346,0.917756
5.420,136.855,0.632337
5.430,129.112,0.455273
5.440,121.744,0.346494
5.450,120.095,0.074070
5.460,488.943,0.020798
5.470,495.050,0.105361
5.480,494.213,0.291984
5.490,494.822,0.369029
5.500,494.528,0.158677
5.510,495.116,0.245193
5.520,138.380,0.131650
5.530,69.065,0.411831
5.540,69.465,0.774496
5.550,69.499,0.922802
5.560,69.573,0.936820
5.570,69.530,0.949808
5.580,70.287,0.081438
5.590,119.228,0.036043
5.600,114.907,0.018296
5.610,34.249,0.013870
5.620,162.588,0.201198
5.630,494.974,0.289629
5.640,164.467,0.383519
5.650,164.495,0.311741
5.660,216.744,0.171845
5.670,286.986,0.199954
5.680,143.687,0.468119
5.690,139.417,0.657349
5.700,139.181,0.808202
5.710,139.271,0.787984
5.720,139.197,0.668084
5.730,138.559,0.628577
5.740,274.341,0.393730
5.750,134.525,0.401046
5.760,132.181,0.390874
5.770,134.359,0.331209
5.780,139.286,0.210479
5.790,69.627,0.663931
5.800,69.419,0.922364
5.810,69.611,0.873045
5.820,69.632,0.809738
5.830,69.498,0.908507
5.840,69.425,0.953736
5.850,69.403,0.957137
5.860,69.415,0.964795
5.870,69.492,0.959996
5.880,69.518,0.957501
5.890,69.490,0.960495
5.900,70.472,0.027931
5.910,119.538,0.174391
5.920,114.647,0.068336
5.930,137.792,0.053789
5.940,34.232,0.213641
5.950,137.669,0.477721
5.960,138.545,0.804077
5.970,138.422,0.830323
5.980,138.417,0.793734
5.990,139.279,0.702670
6.000,139.309,0.804841
6.010,138.827,0.797164
6.020,138.159,0.767890
6.030,138.229,0.821972
6.040,138.859,0.824930
6.050,137.953,0.640961
6.060,270.624,0.431370
6.070,268.219,0.088303
6.080,32.203,0.110760
6.090,156.891,0.115156
6.100,659.552,0.088033
6.110,164.700,0.296557
6.120,165.182,0.300725
6.130,164.876,0.275737
6.140,656.578,0.169819
6.150,656.130,0.245182
6.160,656.406,0.124136
6.170,69.779,0.457121
6.180,69.484,0.921568
6.190,69.431,0.951983
6.200,69.446,0.957565
6.210,140.372,0.136800
6.220,169.599,0.094762
6.230,139.793,0.231906
6.240,32.851,0.477696
6.250,32.515,0.158816
6.260,433.130,0.616729
6.270,434.067,0.561144
6.280,62.113,0.502697
6.290,436.847,0.331037
6.300,437.502,0.361606
6.310,437.656,0.366396
6.320,62.071,0.637248
6.330,61.988,0.580780
6.340,61.966,0.850802
6.350,62.205,0.921058
6.360,61.969,0.948724
6.370,129.733,0.051522
6.380,123.009,0.306407
6.390,122.089,0.185130
6.400,579.476,0.091171
6.410,582.736,0.135287
6.420,444.391,0.352701
6.430,146.743,0.451456
6.440,145.837,0.385969
6.450,145.119,0.382591
6.460,584.466,0.550880
6.470,587.204,0.417033
6.480,61.294,0.155078
6.490,62.050,0.772420
6.500,62.148,0.910507
6.510,62.209,0.943551
6.520,62.073,0.951567
6.530,278.693,0.062950
6.540,259.816,0.273015
6.550,258.117,0.321042
6.560,253.485,0.537050
6.570,124.260,0.484645
6.580,123.876,0.567305
6.590,123.640,0.541106
6.600,248.292,0.449333
6.610,123.752,0.683408
6.620,123.665,0.782234
6.630,123.549,0.796778
6.640,123.605,0.797202
6.650,123.516,0.890386
6.660,123.674,0.903392
6.670,123.625,0.914759
6.680,123.773,0.727625
6.690,124.021,0.209443
6.700,121.706,0.224925
6.710,33.694,0.060885
6.720,35.464,0.030632
6.730,434.446,0.274912
6.740,434.166,0.379237
6.750,436.159,0.395950
6.760,436.305,0.317679
6.770,437.908,0.449595
6.780,437.971,0.529963
6.790,61.838,0.515558
6.800,61.812,0.698091
6.810,61.760,0.789371
6.820,61.840,0.803172
6.830,61.905,0.933416
6.840,61.931,0.104767
6.850,184.233,0.109265
6.860,141.551,0.068877
6.870,186.267,0.036672
6.880,140.958,0.148462
6.890,440.956,0.416235
6.900,441.954,0.486025
6.910,440.656,0.366906
6.920,146.126,0.489751
6.930,583.035,0.365560
6.940,118.316,0.174717
6.950,122.218,0.352441
6.960,123.713,0.732763
6.970,124.199,0.576102
6.980,123.781,0.486610
6.990,122.841,0.446877
7.000,122.526,0.368055
7.010,123.416,0.159296
7.020,132.816,0.079340
7.030,134.379,0.188397
7.040,183.960,0.366931
7.050,62.444,0.277327
7.060,62.180,0.797247
7.070,61.994,0.590046
7.080,61.729,0.080839
7.090,61.526,0.338527
7.100,61.885,0.886317
7.110,62.076,0.943142
7.120,62.037,0.942870
7.130,62.076,0.949220
7.140,62.051,0.948108
7.150,62.107,0.945926
7.160,60.390,0.093544
7.170,125.176,0.503140
7.180,124.799,0.552008
7.190,125.347,0.229106
7.200,125.032,0.308223
7.210,124.696,0.437712
7.220,124.167,0.575990
7.230,61.972,0.586778
7.240,123.674,0.556191
7.250,61.857,0.574448
7.260,61.997,0.615496
7.270,62.090,0.587710
7.280,439.686,0.428459
7.290,122.785,0.395750
7.300,122.999,0.359238
7.310,123.173,0.509071
7.320,121.320,0.220143
7.330,124.029,0.174664
7.340,35.081,0.314554
7.350,141.878,0.171915
7.360,439.398,0.448451
7.370,441.326,0.532764
7.380,146.149,0.344225
7.390,145.632,0.181863
7.400,145.076,0.397530
7.410,586.851,0.336487
7.420,589.238,0.306539
7.430,61.499,0.275017
7.440,61.965,0.740412
7.450,61.917,0.904758
7.460,62.008,0.944702
7.470,61.690,0.162023
7.480,129.914,0.151032
7.490,128.566,0.260436
7.500,128.310,0.169527
7.510,33.106,0.229563
7.520,135.043,0.121673
7.530,493.687,0.371625
7.540,350.945,0.278862
7.550,491.092,0.427688
7.560,490.121,0.563610
7.570,488.715,0.647463
7.580,488.795,0.448098
7.590,69.725,0.752117
7.600,69.958,0.861175
7.610,69.829,0.911876
7.620,69.595,0.948009
7.630,69.717,0.209038
7.640,365.609,0.063376
7.650,114.354,0.025365
7.660,326.255,0.029329
7.670,330.143,0.445956
7.680,331.867,0.680826
7.690,335.714,0.556922
7.700,341.217,0.283974
7.710,333.929,0.385293
7.720,333.630,0.401542
7.730,331.090,0.295043
7.740,328.583,0.145025
7.750,69.632,0.259187
7.760,69.438,0.905822
7.770,69.552,0.940027
7.780,69.529,0.950917
7.790,69.478,0.193036
7.800,146.947,0.254754
7.810,282.065,0.383754
7.820,277.183,0.530654
7.830,275.460,0.560245
7.840,139.214,0.661067
7.850,139.396,0.792707
7.860,139.277,0.778091
7.870,139.145,0.760296
7.880,138.536,0.778531
7.890,138.390,0.880886
7.900,138.293,0.904557
7.910,138.262,0.918988
7.920,138.456,0.927724
7.930,138.536,0.918417
7.940,138.643,0.899773
7.950,135.955,0.452760
7.960,119.959,0.144067
7.970,116.366,0.060913
7.980,119.277,0.068465
7.990,120.729,0.113337
8.000,495.471,0.326377
8.010,495.593,0.556027
8.020,492.340,0.646186
8.030,491.911,0.655523
8.040,489.661,0.770017
8.050,487.648,0.633673
8.060,489.157,0.147169
8.070,69.337,0.885389
8.080,69.584,0.907790
8.090,69.477,0.950119
8.100,69.542,0.830647
8.110,335.025,0.263243
8.120,333.460,0.341036
8.130,323.545,0.500315
8.140,328.929,0.690750
8.150,332.333,0.640955
8.160,337.033,0.576730
8.170,341.482,0.611863
8.180,340.237,0.524240
8.190,335.546,0.604964
8.200,332.992,0.421321
8.210,281.808,0.188195
8.220,139.031,0.735256
8.230,139.206,0.816167
8.240,138.970,0.741090
8.250,138.873,0.481603
8.260,274.432,0.528671
8.270,273.872,0.458344
8.280,134.064,0.386366
8.290,134.028,0.399611
8.300,136.995,0.201169
8.310,142.272,0.179484
8.320,69.462,0.877363
8.330,69.516,0.903109
8.340,69.576,0.766900
8.350,69.516,0.528468
8.360,69.498,0.773304
8.370,69.334,0.890711
8.380,69.646,0.888693
8.390,69.541,0.913181
8.400,69.434,0.954312
8.410,69.452,0.958218
8.420,69.496,0.090688
8.430,120.630,0.213004
8.440,115.048,0.125052
8.450,114.574,0.026920
8.460,35.516,0.066798
8.470,34.240,0.169541
8.480,351.476,0.308795
8.490,348.562,0.349130
8.500,69.641,0.475487
8.510,69.764,0.438661
8.520,69.803,0.536818
8.530,69.866,0.439661
8.540,347.202,0.178063
8.550,489.459,0.225300
8.560,485.746,0.254074
8.570,139.042,0.542220
8.580,272.163,0.271036
8.590,273.645,0.154182
8.600,32.266,0.139894
8.610,328.940,0.403141
8.620,334.722,0.772173
8.630,334.689,0.708287
8.640,342.269,0.413544
8.650,338.366,0.382520
8.660,335.518,0.452719
8.670,332.843,0.439062
8.680,330.838,0.389114
8.690,651.997,0.128489
8.700,69.060,0.707440
8.710,69.289,0.746520
8.720,69.611,0.898141
8.730,69.445,0.944973
8.740,132.863,0.095275
8.750,179.131,0.129155
8.760,177.801,0.104041
8.770,178.715,0.055877
8.780,172.515,0.126634
8.790,166.332,0.504791
8.800,165.708,0.626600
8.810,83.176,0.632167
8.820,83.103,0.878927
8.830,82.805,0.957045
8.840,82.659,0.957386
8.850,82.657,0.953374
8.860,82.556,0.954028
8.870,82.576,0.956175
8.880,82.597,0.954132
8.890,82.796,0.714776
8.900,162.828,0.131918
8.910,325.220,0.379063
8.920,325.535,0.259896
8.930,328.138,0.512018
8.940,329.209,0.514205
8.950,164.984,0.430639
8.960,164.913,0.745911
8.970,164.961,0.903684
8.980,165.011,0.914649
8.990,165.083,0.882468
9.000,165.112,0.880506
9.010,164.888,0.840591
9.020,164.679,0.698519
9.030,164.526,0.506886
9.040,164.484,0.416837
9.050,164.132,0.396917
9.060,326.573,0.510454
9.070,319.498,0.546811
9.080,318.125,0.723806
9.090,316.335,0.762244
9.100,314.528,0.771515
9.110,312.766,0.650322
9.120,312.848,0.528863
9.130,155.673,0.564846
9.140,156.313,0.654763
9.150,156.805,0.760812
9.160,155.823,0.930274
9.170,155.783,0.943375
9.180,155.815,0.948142
9.190,155.765,0.952881
9.200,155.817,0.958240
9.210,155.189,0.869073
9.220,153.455,0.761218
9.230,151.335,0.373581
9.240,150.450,0.367459
9.250,148.549,0.396805
9.260,146.756,0.465597
9.270,146.098,0.607758
9.280,292.573,0.508951
9.290,145.870,0.674648
9.300,146.871,0.826530
9.310,147.154,0.867363
9.320,147.009,0.936971
9.330,147.156,0.951295
9.340,147.317,0.961523
9.350,147.243,0.962062
9.360,147.251,0.959863
9.370,146.916,0.556201
9.380,267.573,0.218242
9.390,269.632,0.474781
9.400,267.277,0.723555
9.410,264.500,0.779406
9.420,262.545,0.723004
9.430,261.824,0.634261
9.440,263.003,0.441062
9.450,131.615,0.656439
9.460,131.301,0.752019
9.470,131.309,0.735730
9.480,131.746,0.502903
9.490,65.010,0.576210
9.500,130.696,0.464025
9.510,130.874,0.773934
9.520,131.338,0.873623
9.530,129.467,0.651585
9.540,125.853,0.428158
9.550,115.840,0.248053
9.560,223.326,0.180842
9.570,222.149,0.295672
9.580,220.363,0.472746
9.590,220.485,0.718210
9.600,220.971,0.563804
9.610,221.144,0.449065
9.620,220.700,0.182781
9.630,54.902,0.142698
9.640,54.886,0.197277
9.650,54.795,0.221233
9.660,111.168,0.298130
9.670,111.400,0.507059
9.680,110.895,0.445764
9.690,316.598,0.294814
9.700,330.029,0.115189
9.710,174.104,0.185170
9.720,170.775,0.062222
9.730,329.213,0.215441
9.740,330.201,0.454945
9.750,82.704,0.697052
9.760,82.548,0.706682
9.770,329.884,0.522073
9.780,82.541,0.603869
9.790,82.735,0.632142
9.800,82.924,0.741716
9.810,165.556,0.494372
9.820,164.438,0.511469
9.830,164.665,0.563701
9.840,163.257,0.289217
9.850,367.581,0.127447
9.860,134.970,0.087775
9.870,138.139,0.096108
9.880,200.623,0.234227
9.890,197.517,0.472049
9.900,197.018,0.668777
9.910,196.755,0.625934
9.920,197.044,0.695381
9.930,196.883,0.661306
9.940,196.795,0.662228
9.950,196.249,0.683364
9.960,195.732,0.636292
9.970,195.176,0.662208
9.980,195.442,0.611000
9.990,195.630,0.483498
10.000,196.357,0.254213
10.010,191.732,0.244217
10.020,191.817,0.636733
10.030,191.768,0.744560
10.040,189.471,0.759986
10.050,187.185,0.771033
10.060,183.785,0.766180
10.070,182.900,0.816356
10.080,183.075,0.709845
10.090,92.933,0.706590
10.100,92.609,0.864894
10.110,92.575,0.881178
10.120,92.680,0.909667
10.130,92.688,0.916589
10.140,92.715,0.915812
10.150,92.537,0.915619
10.160,94.722,0.442941
10.170,93.946,0.159934
10.180,186.151,0.109590
10.190,184.925,0.367040
10.200,191.303,0.462102
10.210,190.789,0.556708
10.220,187.715,0.667074
10.230,186.364,0.541684
10.240,184.451,0.399142
10.250,91.552,0.293255
10.260,92.469,0.832508
10.270,92.692,0.896289
10.280,92.686,0.913374
10.290,92.545,0.921352
10.300,92.600,0.916432
10.310,93.257,0.827807
10.320,94.130,0.425399
10.330,278.168,0.328951
10.340,275.293,0.544864
10.350,277.534,0.730535
10.360,276.989,0.730184
10.370,277.052,0.788587
10.380,277.027,0.839923
10.390,276.833,0.693518
10.400,277.838,0.533685
10.410,139.364,0.618940
10.420,138.647,0.909638
10.430,138.716,0.917453
10.440,138.493,0.921478
10.450,138.622,0.922926
10.460,138.555,0.913742
10.470,138.505,0.769939
10.480,137.194,0.303477
10.490,173.191,0.200741
10.500,173.789,0.428152
10.510,177.453,0.693871
10.520,179.631,0.559072
10.530,183.869,0.464847
10.540,93.991,0.329911
10.550,189.316,0.257446
10.560,93.295,0.329511
10.570,92.869,0.761579
10.580,92.834,0.887667
10.590,92.925,0.914350
10.600,92.588,0.926402
10.610,92.510,0.909569
10.620,92.591,0.916178
10.630,92.717,0.571074
10.640,320.272,0.504253
10.650,323.894,0.479350
10.660,161.503,0.443656
10.670,159.090,0.545992
10.680,157.015,0.471457
10.690,157.052,0.758366
10.700,155.881,0.871051
10.710,155.355,0.892515
10.720,155.333,0.910785
10.730,155.766,0.937386
10.740,155.748,0.956250
10.750,155.775,0.960850
10.760,155.793,0.958816
10.770,155.872,0.964360
10.780,155.799,0.959327
10.790,155.324,0.591521
10.800,319.981,0.492635
10.810,339.886,0.448842
10.820,335.402,0.604485
10.830,333.739,0.778945
10.840,331.627,0.829750
10.850,329.330,0.640515
10.860,164.114,0.709648
10.870,164.176,0.767771
10.880,164.512,0.833130
10.890,164.805,0.938643
10.900,165.013,0.966946
10.910,165.014,0.969817
10.920,165.137,0.970736
10.930,165.234,0.970493
10.940,165.111,0.970426
10.950,165.741,0.613594
10.960,167.376,0.345273
10.970,169.613,0.093163
10.980,168.096,0.100539
10.990,163.608,0.330215
11.000,162.757,0.399475
11.010,163.950,0.359938
11.020,83.169,0.333496
11.030,83.195,0.433953
11.040,83.257,0.597173
11.050,83.127,0.874374
11.060,83.043,0.923931
11.070,82.890,0.926443
11.080,82.717,0.944049
11.090,82.703,0.949783
11.100,82.798,0.715983
11.110,82.649,0.501549
11.120,161.385,0.228822
11.130,159.840,0.140832
11.140,135.113,0.123324
11.150,137.955,0.300336
11.160,138.472,0.640171
11.170,139.112,0.679756
11.180,139.485,0.604324
11.190,139.744,0.436515
11.200,141.216,0.156372
11.210,69.580,0.939830
11.220,69.568,0.951745
11.230,69.507,0.955951
11.240,69.430,0.959019
11.250,69.429,0.955299
11.260,69.436,0.328098
11.270,186.095,0.275852
11.280,194.061,0.366671
11.290,194.292,0.568839
11.300,193.250,0.540212
11.310,188.990,0.514099
11.320,186.248,0.479977
11.330,181.793,0.396721
11.340,183.184,0.426231
11.350,92.584,0.523590
11.360,92.605,0.803909
11.370,92.579,0.873119
11.380,92.684,0.899770
11.390,92.704,0.915334
11.400,92.596,0.912211
11.410,92.542,0.915620
11.420,92.658,0.582459
11.430,182.247,0.197607
11.440,191.474,0.166432
11.450,194.320,0.459701
11.460,192.793,0.582936
11.470,189.131,0.618428
11.480,184.633,0.756356
11.490,182.569,0.853035
11.500,182.711,0.787110
11.510,182.656,0.717958
11.520,92.629,0.714195
11.530,92.564,0.882646
11.540,92.622,0.904678
11.550,92.578,0.915900
11.560,92.545,0.900869
11.570,92.723,0.918006
11.580,93.614,0.546631
11.590,288.470,0.232695
11.600,287.346,0.431207
11.610,284.750,0.484612
11.620,140.433,0.616919
11.630,139.770,0.528532
11.640,276.775,0.707459
11.650,275.329,0.666014
11.660,276.767,0.529423
11.670,138.234,0.689643
11.680,138.375,0.858964
11.690,138.377,0.897055
11.700,138.360,0.900988
11.710,138.418,0.925616
11.720,138.480,0.908707
11.730,138.451,0.868761
11.740,139.551,0.693901
11.750,143.058,0.376190
11.760,163.386,0.094343
11.770,175.410,0.224573
11.780,180.299,0.466725
11.790,183.762,0.594326
11.800,184.980,0.649123
11.810,184.061,0.572546
11.820,183.317,0.583231
11.830,92.793,0.686005
11.840,92.774,0.894484
11.850,92.638,0.892082
11.860,92.558,0.910139
11.870,92.579,0.906949
11.880,92.756,0.916510
11.890,93.057,0.706264
11.900,314.522,0.257601
11.910,300.121,0.368005
11.920,301.835,0.597067
11.930,307.111,0.565731
11.940,310.169,0.636749
11.950,155.927,0.826438
11.960,156.538,0.791257
11.970,156.109,0.778940
11.980,156.106,0.806752
11.990,156.262,0.859703
12.000,156.123,0.925288
12.010,156.018,0.939236
12.020,155.830,0.944869
12.030,155.802,0.958439
12.040,155.732,0.957739
12.050,156.044,0.893337
12.060,159.412,0.566536
12.070,331.819,0.347046
12.080,333.233,0.433917
12.090,331.634,0.598634
12.100,330.484,0.650037
12.110,164.528,0.663953
12.120,163.591,0.848263
12.130,163.552,0.888446
12.140,164.447,0.879923
12.150,164.889,0.944638
12.160,164.859,0.959999
12.170,164.918,0.965639
12.180,165.044,0.968746
12.190,165.226,0.971295
12.200,165.199,0.971210
12.210,165.185,0.896178
12.220,167.152,0.797324
12.230,169.896,0.591380
12.240,169.670,0.760722
12.250,167.638,0.750593
12.260,166.284,0.721406
12.270,164.772,0.670083
12.280,165.034,0.615446
12.290,166.418,0.474270
12.300,83.978,0.466116
12.310,83.256,0.748218
12.320,83.085,0.923303
12.330,82.912,0.934588
12.340,82.797,0.940517
12.350,82.592,0.955939
12.360,82.711,0.956555
12.370,162.666,0.321343
12.380,162.631,0.361173
12.390,156.718,0.154671
12.400,146.701,0.048448
12.410,137.985,0.248758
12.420,138.318,0.470204
12.430,139.247,0.393232
12.440,139.797,0.319216
12.450,141.280,0.282776
12.460,140.977,0.073654
12.470,69.666,0.598793
12.480,69.338,0.635348
12.490,68.822,0.265785
12.500,34.127,0.556148
12.510,34.703,0.615236
12.520,34.910,0.342074
12.530,993.277,0.024265
12.540,132.969,0.015462
12.550,35.795,0.007642
12.560,94.099,0.044495
12.570,93.479,0.248395
12.580,93.947,0.616140
12.590,94.769,0.545883
12.600,94.774,0.246236
12.610,93.652,0.113322
12.620,46.213,0.046806
12.630,45.617,0.190772
12.640,91.318,0.094796
12.650,95.124,0.032470
12.660,55.185,0.022398
