time,frequency,confidence
0.0,0.0,nan
0.01,0.0,nan
0.02,0.0,nan
0.03,0.0,nan
0.04,0.0,nan
0.05,32.717943890050904,0.1022816
0.06,32.298516123970266,0.28900728
0.07,32.59854945059565,0.19383752
0.08,32.81226184911044,0.17456234
0.09,34.196597295141935,0.14673734
0.1,38.343009912507576,0.5647379
0.11,38.62176121449592,0.19946697
0.12,37.7983910365909,0.11028454
0.13,36.212460447888574,0.10914841
0.14,33.639235005688825,0.15680408
0.15,32.2667747210737,0.19721475
0.16,32.4777790758369,0.20850351
0.17,32.283723527660385,0.15199488
0.18,32.295606969251395,0.15434942
0.19,32.637396528620656,0.18685478
0.2,32.642569598796925,0.22342142
0.21,32.81582527762312,0.2983516
0.22,36.53353934059113,0.3185643
0.23,33.443167901569495,0.14880574
0.24,32.592575297381934,0.19774893
0.25,32.50109208301521,0.16403836
0.26,32.53007018636258,0.09668633
0.27,32.658402865863984,0.055416822
0.28,32.67876139036649,0.06749657
0.29,32.2839584318648,0.13475433
0.3,32.02151949869729,0.16668689
0.31,32.1045134835023,0.04899445
0.32,32.597563300884545,0.16956642
0.33,34.15755276331433,0.10313657
0.34,34.19825096057517,0.1074056
0.35,33.99600765323313,0.2060313
0.36,33.872533564957294,0.140674
0.37,33.723753114173114,0.070715815
0.38,35.70104550664948,0.047357827
0.39,38.43973127023241,0.020468205
0.4,39.057787625492395,0.04098013
0.41,39.44590988670651,0.15969428
0.42,39.73143441881176,0.06950003
0.43,41.2350704702051,0.06025192
0.44,41.21624305937076,0.09120181
0.45,41.06026066159882,0.20023459
0.46,43.36487138299316,0.10149816
0.47,47.57771539108204,0.10944599
0.48,53.46331113725233,0.10579395
0.49,56.72952488531928,0.4216435
0.5,63.97426858700976,0.2478019
0.51,66.83495399246657,0.5616613
0.52,75.2640644125124,0.08464256
0.53,82.92630855132073,0.064148456
0.54,91.28715007672815,0.43707383
0.55,98.20559341127465,0.2140092
0.56,110.90796204566061,0.25649807
0.57,119.81023605968997,0.089144826
0.58,130.3395136978453,0.17299765
0.59,139.28296742092692,0.059435308
0.6,155.23794900795724,0.052453488
0.61,157.163698896156,0.053215235
0.62,169.8835116241808,0.22370163
0.63,183.19744433005218,0.29201558
0.64,181.6381778504248,0.19912508
0.65,189.43992858477867,0.12642911
0.66,196.6280903809437,0.1935992
0.67,209.54777533691683,0.2729945
0.68,212.19043286502784,0.09624064
0.69,222.95326155423214,0.06818381
0.7,240.92709085939322,0.07384667
0.71,256.36984611720396,0.055240065
0.72,268.03789248191,0.06358996
0.73,280.3349075023543,0.02766645
0.74,286.52884631305915,0.43464538
0.75,287.56608832305665,0.59876484
0.76,290.20300823827796,0.12337729
0.77,288.0812954460808,0.47874793
0.78,285.0279438572061,0.58776104
0.79,287.2451170260174,0.27660656
0.8,314.99695441406953,0.29158854
0.81,319.15986740404117,0.70064276
0.82,314.759999558653,0.73530424
0.83,307.7750567144858,0.4080872
0.84,303.98890329972437,0.33456957
0.85,304.39024420737445,0.26168412
0.86,311.17446097073974,0.15398696
0.87,283.21557319623895,0.44032833
0.88,277.27543650496074,0.37008542
0.89,295.43377170508177,0.30525684
0.9,311.7412931873704,0.22277817
0.91,309.0412063939351,0.2688508
0.92,309.7572396547145,0.1332424
0.93,308.9039023447586,0.14739528
0.94,314.5495078992449,0.04232806
0.95,315.5242597610522,0.023218095
0.96,311.4175287538286,0.036585927
0.97,310.16330548864937,0.044788003
0.98,306.38750068595067,0.18475452
0.99,310.0384748032752,0.1657944
1.0,314.3866061827889,0.1386593
1.01,313.68842586486954,0.029763162
1.02,327.31139695064456,0.06953886
1.03,341.63003481346163,0.6290468
1.04,342.3599514563728,0.51276207
1.05,346.0185583192723,0.26328784
1.06,348.9217741724174,0.2621764
1.07,315.766693367761,0.2460455
1.08,285.07697773402526,0.12589216
1.09,271.69325854837416,0.093737334
1.1,269.3605793550552,0.10398638
1.11,270.88247070938934,0.6112103
1.12,268.4039553948944,0.114162564
1.13,268.6339597530381,0.076485515
1.14,269.29633036545715,0.02121666
1.15,270.54663147587837,0.0092793405
1.16,268.852391512949,0.033584386
1.17,262.8275975777723,0.6897247
1.18,264.74393724390757,0.24010411
1.19,267.7146653398769,0.34671932
1.2,268.2076187704888,0.41592422
1.21,270.12859444345895,0.46291366
1.22,271.9208158262366,0.57505345
1.23,269.1546866897889,0.5697589
1.24,281.47100503965373,0.13795847
1.25,312.67175877911404,0.15657115
1.26,312.2129745596322,0.2037009
1.27,288.489350501599,0.182675
1.28,271.4983966080532,0.20019898
1.29,236.85263439014585,0.088541836
1.3,229.7001228464427,0.091694415
1.31,229.82711202249283,0.21260923
1.32,229.7122428283521,0.16962254
1.33,251.01246491678648,0.3751395
1.34,267.0864208895035,0.51183426
1.35,270.231745492791,0.557675
1.36,266.8493308700352,0.18730643
1.37,264.7239408625821,0.18365347
1.38,261.37937211996353,0.056581646
1.39,260.1210484948015,0.20847729
1.4,261.8740690447449,0.12155989
1.41,261.2926427186648,0.35502857
1.42,260.68732579121837,0.1819056
1.43,261.7046205736986,0.19332686
1.44,262.74388289133435,0.52811325
1.45,262.0825847956493,0.71782184
1.46,264.18549549491894,0.6785145
1.47,271.98377911639716,0.52920985
1.48,240.31123065496058,0.2997176
1.49,246.15513055188308,0.17309162
1.5,258.39946047639984,0.20140907
1.51,245.69467887898224,0.2663035
1.52,264.5931607415975,0.2313065
1.53,283.9466068743424,0.5168417
1.54,290.1842720838047,0.15820703
1.55,288.4602216889238,0.12163949
1.56,287.004962133665,0.23334381
1.57,282.19593824382014,0.18974927
1.58,281.52029773011543,0.13220018
1.59,275.2277146337419,0.16331485
1.6,284.17970104781114,0.18097162
1.61,268.51387339199886,0.33926785
1.62,253.85773518933289,0.21775147
1.63,241.92151182173512,0.14657882
1.64,232.65217325805583,0.13501287
1.65,226.62595194665172,0.19209802
1.66,224.4545636461419,0.10004088
1.67,229.54231379259977,0.11418843
1.68,231.46357878659796,0.29026693
1.69,243.3107661781858,0.19264606
1.7,257.65930718667164,0.13312143
1.71,268.52724463854435,0.33964974
1.72,271.87915378848516,0.49890715
1.73,269.19092202961724,0.6027495
1.74,270.39882315722355,0.752272
1.75,272.9685688907583,0.8462541
1.76,273.4418609422025,0.9209229
1.77,272.45987845782776,0.9632392
1.78,269.66156709076904,0.94869244
1.79,263.3877662615583,0.78199226
1.8,256.67302729843004,0.8956844
1.81,253.8176153424509,0.877825
1.82,252.68006385874645,0.77599627
1.83,257.8831212399848,0.65218586
1.84,262.88030847023174,0.8636348
1.85,263.6104731945551,0.9090226
1.86,263.6146637354819,0.92652893
1.87,263.3574797450376,0.9339942
1.88,263.22518565002997,0.8472085
1.89,265.4204867244096,0.51237404
1.9,272.8280950579579,0.45952615
1.91,272.032148640386,0.7452616
1.92,271.57761467955686,0.9318725
1.93,269.9606602293944,0.94699275
1.94,267.72672243399654,0.92208856
1.95,263.85477719225435,0.8468752
1.96,259.7686404122015,0.9161116
1.97,257.20907524762765,0.9536737
1.98,255.9315349538409,0.9589344
1.99,256.47693235885635,0.962619
2.0,257.7860025793549,0.94373155
2.01,259.62398068932595,0.95477474
2.02,260.04193753039914,0.9400449
2.03,258.459821637941,0.901785
2.04,256.27403014228247,0.92742383
2.05,253.25990350793683,0.90679145
2.06,252.05777707016293,0.9131682
2.07,251.51174336643462,0.9249307
2.08,251.44911700256444,0.9067379
2.09,250.4679585443841,0.89667475
2.1,249.2583608275139,0.850978
2.11,247.09108126564598,0.8272824
2.12,243.2398965031439,0.86601603
2.13,240.39221177788076,0.8840883
2.14,238.1191334619351,0.8614955
2.15,237.47425818084838,0.898665
2.16,236.421037975053,0.81439507
2.17,233.97767762917366,0.5980245
2.18,226.7012452226832,0.46863025
2.19,217.18572479807094,0.71891445
2.2,214.4609977095101,0.76241565
2.21,210.1920189877744,0.86355346
2.22,207.5311130891833,0.8894509
2.23,204.64943773321355,0.8800231
2.24,200.98441212220106,0.8243382
2.25,196.71705034770736,0.86065435
2.26,193.6331706905151,0.87456715
2.27,190.09571515507955,0.91538966
2.28,186.58944212715875,0.92458475
2.29,184.61254630756127,0.94056696
2.3,182.7269488300043,0.94186896
2.31,179.92513407525405,0.8585726
2.32,174.26473084509524,0.83712685
2.33,170.0987725173928,0.846413
2.34,166.48005026342008,0.84005964
2.35,161.92396212551785,0.72929204
2.36,155.54821598490776,0.6261938
2.37,149.35089754768674,0.688321
2.38,142.75531030272037,0.593066
2.39,138.60238390067815,0.58940625
2.4,132.02513173753084,0.48317897
2.41,125.82408352247752,0.42825025
2.42,129.77224745285622,0.23623326
2.43,140.84787406472844,0.103206456
2.44,148.49220931253893,0.061469734
2.45,155.94307283270606,0.051953882
2.46,155.5759380350034,0.13339084
2.47,155.7566665358311,0.09117931
2.48,157.1661501338611,0.19698021
2.49,157.14424391992327,0.22142959
2.5,156.58779964239977,0.28418368
2.51,168.8923311113184,0.08255789
2.52,183.22262303085608,0.18201631
2.53,211.65072946142257,0.28750518
2.54,224.49228525397996,0.19897965
2.55,243.85067381527708,0.0485138
2.56,272.75527616325985,0.12047866
2.57,304.1420510925495,0.34863758
2.58,337.5549190334587,0.14347881
2.59,321.3465306769591,0.24038994
2.6,318.1985903733739,0.32851076
2.61,326.4164860838547,0.3670963
2.62,355.39731865477836,0.08347955
2.63,377.70801417951424,0.1265041
2.64,406.0040576767773,0.06137064
2.65,423.1305868649627,0.14388642
2.66,455.018072473145,0.08164224
2.67,475.5480207037242,0.059272915
2.68,514.0843020445225,0.2271246
2.69,525.9910497067864,0.11907995
2.7,566.7852833586894,0.08108157
2.71,605.1122388287521,0.13366711
2.72,649.6675833735471,0.09245932
2.73,685.1924574229018,0.15557256
2.74,757.4721356000794,0.16739172
2.75,795.9187398040306,0.46516246
2.76,864.5382145617484,0.4301234
2.77,894.7789526729816,0.4107434
2.78,980.6351347938898,0.2034545
2.79,1057.0029378343938,0.10718185
2.8,1141.6102661886353,0.20128086
2.81,1202.4407866196686,0.19200104
2.82,1192.9119082139414,0.51268595
2.83,1195.6454970907737,0.5596314
2.84,1198.7396047695022,0.63772565
2.85,1210.9220326573773,0.7659993
2.86,1211.4358024487208,0.79772377
2.87,1209.9076563997237,0.77853364
2.88,1216.503741167758,0.765045
2.89,1219.700829849919,0.7393467
2.9,1224.6705615110452,0.8131257
2.91,1234.6361649483028,0.84987473
2.92,1247.319417770054,0.7433551
2.93,1266.505872450914,0.6825247
2.94,1297.2068276012988,0.72386897
2.95,1313.0894507712005,0.74850404
2.96,1332.8434506831375,0.5547472
2.97,1417.8053380546908,0.75123715
2.98,1424.7558697477516,0.8773798
2.99,1429.391711397808,0.83088505
3.0,1431.05102457236,0.7132465
3.01,1437.7995292039554,0.6572875
3.02,1440.3463109411782,0.659625
3.03,1442.8819249318717,0.69786346
3.04,1446.086189171957,0.721541
3.05,1441.7905288545214,0.822129
3.06,1441.9072543759803,0.8181257
3.07,1444.7480812452,0.8255042
3.08,1442.9723441299552,0.8088308
3.09,1445.4716024269837,0.74342257
3.1,1457.2527235553628,0.7983086
3.11,1458.3379459801622,0.80362886
3.12,1451.0342741553407,0.7926763
3.13,1445.1227751700285,0.8135679
3.14,1434.49057163459,0.7690073
3.15,1413.8158541003945,0.7395045
3.16,1398.6444690881003,0.80462986
3.17,1384.3073168873068,0.53431875
3.18,1329.6627242645357,0.3405547
3.19,1303.65157343841,0.3840432
3.2,1312.8399046600412,0.41259673
3.21,1322.3012668154709,0.1371544
3.22,1381.25163251423,0.06838927
3.23,1446.7984332976403,0.15372741
3.24,1439.0682285968821,0.22123519
3.25,1421.6078368360854,0.07709679
3.26,1378.1159337360202,0.36563393
3.27,1361.0036391631102,0.38441986
3.28,1327.934519540118,0.073361725
3.29,1294.9874856339695,0.5263142
3.3,1238.9265750406869,0.21349385
3.31,1214.7558124150592,0.24587646
3.32,1178.4228081302153,0.09376517
3.33,1164.8823083833267,0.06422281
3.34,1143.469833898727,0.06497505
3.35,1125.965216984126,0.3405199
3.36,1122.3584684864627,0.19177574
3.37,1113.16863597514,0.23316377
3.38,1106.3097073354754,0.43770215
3.39,1112.6721646898634,0.40894136
3.4,1126.2519750491065,0.37326717
3.41,1138.5802475028586,0.23266765
3.42,1162.6479242879022,0.17970642
3.43,1231.2906847352604,0.14138824
3.44,1284.060528536474,0.15777901
3.45,1317.5716089429538,0.6865061
3.46,1317.3160322812028,0.7813213
3.47,1315.7595676079595,0.4434585
3.48,1313.1252245103494,0.21431527
3.49,1311.0261118541116,0.058784157
3.5,1322.4346945030434,0.02806279
3.51,1317.7008532798673,0.036158115
3.52,1314.686707894592,0.13314396
3.53,1299.2226550942787,0.2070885
3.54,1275.5573289054228,0.3189332
3.55,1258.0560619668229,0.14481822
3.56,1234.3144021738515,0.13295963
3.57,1233.7388897693659,0.08337855
3.58,1209.302315197722,0.26124796
3.59,1191.7390922786128,0.35273236
3.6,1174.9906824936597,0.39777437
3.61,1161.746368949719,0.21488446
3.62,1144.6494458472462,0.39887133
3.63,1134.7900780737662,0.42900452
3.64,1138.2400148526033,0.20315495
3.65,1133.629240462201,0.10660854
3.66,1125.7352343359298,0.23903918
3.67,1120.6854617008817,0.5243162
3.68,1116.7585896107994,0.38179463
3.69,1119.8824046996117,0.48085922
3.7,1124.9533096404002,0.4261629
3.71,1136.5497578993084,0.1479772
3.72,1148.2702358423248,0.12742534
3.73,1158.4427378929472,0.12374151
3.74,1165.8094509102148,0.46410838
3.75,1186.8719666423708,0.53417903
3.76,1196.9927533544221,0.5357965
3.77,1306.106119050573,0.57236564
3.78,1301.2939587185358,0.63876414
3.79,1293.0564994084536,0.7390585
3.8,1292.8124700142666,0.47233534
3.81,1312.9154535889488,0.28469956
3.82,1247.1616786632112,0.22993132
3.83,1217.5953935269795,0.15557662
3.84,1217.2336723861827,0.41431573
3.85,1206.3810009691542,0.1992167
3.86,1208.5814790583297,0.20606008
3.87,1219.2885744147625,0.3877664
3.88,1220.4440965939696,0.5597294
3.89,1214.5880655201088,0.7042704
3.9,1221.7083200513894,0.2925049
3.91,1208.0206280817695,0.16225702
3.92,1218.500727883219,0.11315811
3.93,1213.5640394149045,0.15716556
3.94,1214.3155158583968,0.13982445
3.95,1210.1096849266835,0.17127326
3.96,1221.256043964643,0.12126085
3.97,1214.5434862567856,0.036632806
3.98,1159.4799750322209,0.24025041
3.99,1154.7392852981752,0.3964024
4.0,1155.5721312813146,0.5342256
4.01,1160.4318206003343,0.50302875
4.02,1154.148183109669,0.58009005
4.03,1156.8886539094026,0.75700885
4.04,1165.5110220668682,0.79347515
4.05,1182.6994103575973,0.5202431
4.06,1228.7203939149,0.49416634
4.07,1273.9301592612198,0.35799518
4.08,1311.083020226596,0.46456766
4.09,1295.1761202960606,0.55357265
4.1,1280.2951760274082,0.75141907
4.11,1273.5568822451182,0.5956178
4.12,1230.591893152205,0.5416397
4.13,1199.9854579296089,0.4537827
4.14,1190.5580432143104,0.4108712
4.15,1184.221551504972,0.11470285
4.16,1218.9518328495678,0.19136572
4.17,1246.337759001851,0.24315134
4.18,1291.4645963309144,0.16440573
4.19,1298.5941686404076,0.10873303
4.2,1283.1980503780487,0.16285017
4.21,1266.5402389939081,0.25617206
4.22,1217.155232813613,0.19563347
4.23,1175.1667773098304,0.112831235
4.24,1147.1337827407328,0.05820471
4.25,1190.0847031358296,0.1689058
4.26,1232.9024026471207,0.078924
4.27,1230.6150928261156,0.13182113
4.28,1145.0214664717255,0.20137635
4.29,1148.9186893757355,0.6946174
4.3,1152.0113830153769,0.76423883
4.31,1155.2743881307288,0.76635075
4.32,1158.604291529531,0.8198011
4.33,1163.274460545921,0.82760847
4.34,1169.340551885339,0.81791615
4.35,1170.7454825189295,0.7322079
4.36,1176.1932806230789,0.47175008
4.37,1218.6188268213602,0.45274013
4.38,1309.5803633548937,0.47962403
4.39,1314.1998601199955,0.7897274
4.4,1297.8576986842809,0.7780837
4.41,1281.8667091874042,0.71298206
4.42,1257.492485226791,0.6118816
4.43,1237.8604639483592,0.62236136
4.44,1216.6947026654336,0.27278692
4.45,1216.3330353039898,0.09365529
4.46,1232.5841380550294,0.12768996
4.47,1251.0441953716954,0.03606227
4.48,1256.243640180567,0.1074692
4.49,1227.2434367004846,0.10178015
4.5,1205.3859211673152,0.1653705
4.51,1204.5145891689517,0.113836974
4.52,1173.7076387394013,0.10972923
4.53,1166.8665643636111,0.24592075
4.54,1152.2585894911176,0.08703762
4.55,1146.9883340849965,0.23576975
4.56,1145.5503323172134,0.113428116
4.57,1173.2098889129663,0.15499759
4.58,1176.800964708846,0.6302404
4.59,1190.0020712279538,0.44528928
4.6,1189.502401781313,0.52175397
4.61,1159.9872404015262,0.066420525
4.62,1155.9458797343643,0.35481304
4.63,1163.8464571612828,0.71879363
4.64,1167.7209477588028,0.8553323
4.65,1168.8041980351893,0.8786181
4.66,1169.26227996998,0.83741355
4.67,1170.0702392012236,0.8015716
4.68,1175.378395881359,0.82620025
4.69,1176.9349004124153,0.41022626
4.7,1150.1778918413333,0.07276335
4.71,1118.3703359160502,0.24739873
4.72,1109.2249365094544,0.2984746
4.73,1095.5282892750924,0.23638865
4.74,1057.8269052681721,0.2678614
4.75,1042.6454025627102,0.17901644
4.76,1035.7955838769406,0.094445854
4.77,1027.3522663796546,0.028542042
4.78,1037.983651228256,0.06268722
4.79,1096.3272241474415,0.07572442
4.8,1138.2186468190987,0.04387617
4.81,1170.8897670844106,0.06404227
4.82,1169.0556415713236,0.12926859
4.83,1176.704018926751,0.28313035
4.84,1163.6678682446554,0.16012573
4.85,1161.8358555989905,0.3458769
4.86,1149.692266092416,0.36444432
4.87,1149.5759399040264,0.06822172
4.88,1162.1858495104057,0.15615627
4.89,1152.3102087672669,0.06687409
4.9,1151.7472342484373,0.022090524
4.91,1149.952496011322,0.12432024
4.92,1145.5180754936641,0.09001687
4.93,1141.923145053352,0.27732807
4.94,1147.8323838831325,0.64113057
4.95,1154.291218491738,0.786806
4.96,1162.8113629089185,0.844288
4.97,1176.1626157020125,0.7745379
4.98,1199.8779485470125,0.4700783
4.99,1228.160516991394,0.34767312
5.0,1324.8564732918335,0.44222844
5.01,1321.1318040289484,0.46838412
5.02,1258.0092139057786,0.48379225
5.03,1243.9158674084506,0.6218393
5.04,1225.809163074675,0.7758006
5.05,1221.7990658209758,0.2958936
5.06,1145.8773789296883,0.055371583
5.07,1038.0418937544143,0.19285944
5.08,940.1845468914656,0.24566409
5.09,855.7786273583325,0.23350501
5.1,788.3681312170338,0.32912278
5.11,705.9672850473464,0.28132445
5.12,648.1282198688745,0.23855
5.13,587.3205236437909,0.21685523
5.14,544.3381330977033,0.23290083
5.15,487.7924354643002,0.10474482
5.16,443.5597735991498,0.1863485
5.17,406.9729487919832,0.04578194
5.18,375.64747695684247,0.052765846
5.19,334.4096384793331,0.08273134
5.2,303.43173864976006,0.1934708
5.21,275.9966222184206,0.15458319
5.22,258.201437621361,0.09549695
5.23,251.33366815332533,0.025500327
5.24,235.948013772173,0.08656666
5.25,229.83858906238027,0.10190976
5.26,232.31324791097808,0.25470904
5.27,239.72519433465686,0.2610644
5.28,241.27668490406637,0.3737142
5.29,238.5316026589134,0.68389124
5.3,237.2027705160143,0.71349907
5.31,235.71786083910507,0.6054471
5.32,236.76326253295514,0.21823347
5.33,236.91980496459695,0.18755311
5.34,237.12060744441936,0.42736238
5.35,218.5007472741366,0.25032228
5.36,191.53334963695954,0.19323361
5.37,175.30719427161125,0.13679153
5.38,156.5845845932255,0.25037855
5.39,139.47192495390692,0.31130177
5.4,129.93150317998732,0.51194537
5.41,119.1897265471596,0.11264163
5.42,107.10425901737756,0.09282935
5.43,97.18368950598679,0.038772672
5.44,89.9122810546401,0.039366156
5.45,80.2024764019537,0.39801374
5.46,77.11840292651154,0.5305263
5.47,68.3341406939525,0.32625365
5.48,61.79800774301746,0.1925132
5.49,60.633649156331586,0.092344105
5.5,54.86986520639009,0.122181684
5.51,50.163870487774446,0.11904338
5.52,45.68682680953795,0.19217399
5.53,40.8721833678334,0.122745484
5.54,37.2915073264733,0.044379532
5.55,34.43306582901244,0.03962618
5.56,33.46207584730417,0.05187455
5.57,33.01370694827206,0.044119805
5.58,34.068734633211086,0.07140964
5.59,32.45791376354311,0.18399283
5.6,32.21843084640929,0.23738557
5.61,32.23676914502687,0.11327642
5.62,32.39529829527807,0.2717615
5.63,32.62309998515133,0.029809684
5.64,32.73678781168571,0.018822968
5.65,33.5565007918852,0.10474089
5.66,33.16216413451799,0.10746601
5.67,37.618048668214,0.112609446
5.68,38.61306703406731,0.23839396
5.69,36.44851916651128,0.006799549
5.7,34.15515006369282,0.07501498
5.71,33.92376149339303,0.015989661
5.72,32.52663470397926,0.032570362
5.73,32.356443522190986,0.049455643
5.74,32.313681907790865,0.10969019
5.75,32.41189162577913,0.15739116
5.76,32.57782167717331,0.31459266
5.77,32.52509769885332,0.36432317
5.78,32.522977887737724,0.65517294
5.79,32.60872218747644,0.5933751
5.8,32.644645730872874,0.7380635
5.81,32.581738182227,0.70731366
5.82,32.58701902316537,0.69178283
5.83,32.67056062809653,0.6127396
5.84,32.77396619305323,0.3011961
5.85,32.59413144475646,0.11414659
5.86,32.36061768660946,0.04175356
5.87,32.35696950099084,0.09928411
5.88,34.639609563784575,0.06909487
5.89,37.899030793885935,0.075401545
5.9,41.36850507120316,0.07713175
5.91,40.74876613422394,0.077608496
5.92,41.09266775710664,0.08449203
5.93,41.50112838865928,0.03875625
5.94,41.316319778716945,0.030492008
5.95,42.46850503747385,0.14617154
5.96,42.30310512730266,0.016479582
5.97,41.73133565464969,0.01744473
5.98,41.084042602773536,0.087414
5.99,41.36692622070783,0.064643264
6.0,41.54515387533631,0.055329382
6.01,42.25542266913436,0.02251479
6.02,42.3542334436305,0.114794046
6.03,42.6408377616943,0.08013821
6.04,39.411291430968184,0.4097618
6.05,37.0069341818935,0.27582598
6.06,32.5891291228234,0.39844692
6.07,32.24134549581896,0.29838058
6.08,32.32958680044195,0.1164377
6.09,32.530717649579,0.056048244
6.1,32.54137482628244,0.105252236
6.11,32.41715028098988,0.10161567
6.12,32.35077294735349,0.05885908
6.13,32.194453394296346,0.10544798
6.14,32.24496256084297,0.0885126
6.15,32.666991702089945,0.106244296
6.16,32.705748384753925,0.031004936
6.17,33.03912176600825,0.08723682
6.18,32.49130948809361,0.053153127
6.19,32.58208039600287,0.107868016
6.2,32.63056616370168,0.3093159
6.21,32.54136630610094,0.11847255
6.22,32.63644077701292,0.13877913
6.23,32.619144268656214,0.14944828
6.24,32.50148823463455,0.38354427
6.25,32.36076957211112,0.3066838
6.26,32.44220644329302,0.3157472
6.27,32.65890914329467,0.14042094
6.28,32.993421675927365,0.07081631
6.29,32.3828073849648,0.045771927
6.3,32.52035279815366,0.06261587
6.31,32.560292249004014,0.10734013
6.32,32.68583202315273,0.32088137
6.33,32.55608494008576,0.24659482
6.34,32.41096332083335,0.17006186
6.35,32.55322242522504,0.16854602
6.36,32.61617244249812,0.36132157
6.37,32.32143223540841,0.10270882
6.38,32.29699648135495,0.017792165
6.39,32.14395541083783,0.022120893
6.4,32.17325180297053,0.051308274
6.41,32.28539849099442,0.042054027
6.42,32.57342886611709,0.03728324
6.43,32.36324456011839,0.017414808
6.44,32.32260581150304,0.007971525
6.45,32.280216631050834,0.02440536
6.46,32.29581362757495,0.056747586
6.47,32.29010150647467,0.0035123825
6.48,32.400615456628735,0.46453017
6.49,32.6773775706673,0.23239002
6.5,32.87809969539919,0.29756528
6.51,32.66281096596974,0.1467391
6.52,32.51846055803937,0.15512615
6.53,32.424682548876554,0.08033803
6.54,32.63837596392685,0.04379478
6.55,32.71652095442135,0.034276485
6.56,32.62375318446142,0.038255274
6.57,32.32450580591956,0.07535344
6.58,32.37503938464985,0.0683462
6.59,32.53726032422922,0.15449068
6.6,32.42149697215228,0.05852589
6.61,32.41366696732108,0.028696716
6.62,32.451511409901926,0.103854954
6.63,32.751819081530954,0.13993534
6.64,32.825268426647185,0.12630785
6.65,32.75690795949058,0.18692541
6.66,32.48882352364214,0.11337322
6.67,32.41940270316682,0.12801439
6.68,32.437097260245565,0.14182249
6.69,34.46147334174748,0.043371677
6.7,34.81030557289704,0.0602026
6.71,32.08678678293261,0.022481263
6.72,32.23049135579562,0.011218905
6.73,32.30660997061606,0.06911975
6.74,32.46780654811898,0.06188491
6.75,32.450196041355625,0.12377527
6.76,32.49702311701657,0.10464722
6.77,32.413343937353815,0.09664354
6.78,32.33124683005621,0.04281059
6.79,32.27632608218229,0.021932751
6.8,32.39011871496227,0.011639863
6.81,32.29362838179464,0.0030972958
6.82,32.556913547534705,0.109095424
6.83,32.476088343062976,0.15634158
6.84,32.47297926342969,0.13111985
6.85,32.418781949695145,0.08556941
6.86,32.42466141725372,0.12343937
6.87,32.477762295374205,0.043266654
6.88,31.956233159662805,0.0067032278
6.89,32.06911030003321,0.012383282
6.9,32.093946792333014,0.061233133
6.91,32.091854255447394,0.028201044
6.92,32.22378714934423,0.060004205
6.93,32.32875135410126,0.08553073
6.94,32.546390604599985,0.13499731
6.95,32.82258562450538,0.15703997
6.96,32.63715547591665,0.16522992
6.97,32.186731481543596,0.0488531
6.98,32.49764323245086,0.038919568
6.99,32.92667384089168,0.027227074
7.0,33.29998339984028,0.14842483
7.01,35.444164759474795,0.07828805
7.02,32.75734065105389,0.090565324
7.03,32.201785725020315,0.21403185
7.04,32.085963971808106,0.100230575
7.05,32.26524657769079,0.0498586
7.06,32.034749113367255,0.043224335
7.07,32.23732364982237,0.019181073
7.08,32.58056099977126,0.051249266
7.09,32.97471722902059,0.32672524
7.1,32.884693642781535,0.23441139
7.11,32.78469932105491,0.18856087
7.12,32.80305303367945,0.06968084
7.13,32.89874458703445,0.097706646
7.14,32.456407436342495,0.28886268
7.15,32.362182529003,0.07578024
7.16,32.44716675261614,0.16117826
7.17,32.60115803002839,0.11631581
7.18,32.26979536469771,0.21921998
7.19,32.12320114005636,0.15697223
7.2,32.58033345400812,0.038803488
7.21,32.60274664787839,0.086666495
7.22,32.562281008255574,0.32580054
7.23,32.65927462401794,0.4118579
7.24,32.56527198302747,0.21747738
7.25,32.62991756030588,0.0669052
7.26,32.98754293884731,0.30554068
7.27,32.73377174302524,0.17610776
7.28,32.43339122075725,0.12358105
7.29,32.382419878991016,0.043141425
7.3,32.6330702581246,0.080712646
7.31,32.46029746905331,0.048372716
7.32,32.83934053168015,0.008223891
7.33,33.92356305852971,0.04503861
7.34,34.19125746417569,0.5142735
7.35,34.27654600167169,0.20245
7.36,37.03808394189197,0.02763158
7.37,36.72565702775318,0.092053175
7.38,33.66151331170399,0.038962096
7.39,34.03397391560211,0.16154265
7.4,34.0582282848693,0.2114852
7.41,34.48926440194758,0.60532105
7.42,34.224326377963024,0.7142962
7.43,38.57892175476603,0.17752203
7.44,35.258396111661575,0.15478644
7.45,33.09246162301785,0.04797241
7.46,32.73211854378617,0.15468964
7.47,32.494963620258844,0.1699234
7.48,32.45901671399051,0.09473777
7.49,32.75019143363983,0.053801835
7.5,32.176914863075886,0.3074186
7.51,32.19408354462004,0.30832067
7.52,32.38500054013721,0.23159769
7.53,32.65593479527875,0.110205054
7.54,32.51454713413571,0.14246324
7.55,32.53164021727028,0.04776323
7.56,33.64119943195771,0.079918355
7.57,34.380840650727116,0.078329355
7.58,34.58094424114647,0.38905436
7.59,34.55177057214256,0.47299683
7.6,32.40356345178792,0.027373642
7.61,32.32025248845284,0.041725665
7.62,32.69174889270103,0.19851309
7.63,32.80250970105796,0.10302076
7.64,33.04777245048377,0.0815036
7.65,34.713559107032204,0.15335944
7.66,32.48807763053287,0.062216878
7.67,32.18333489868581,0.23081556
7.68,32.27879908398099,0.14805648
7.69,32.50162501535263,0.45806015
7.7,32.759996946283835,0.45330453
7.71,32.72432405938225,0.42812613
7.72,32.583996845626544,0.46419594
7.73,32.45412944455157,0.61419415
7.74,32.487350959643265,0.58464545
7.75,32.57770963526005,0.11026451
7.76,32.14229216251097,0.1176461
7.77,32.251011114226685,0.21727216
7.78,32.38326595267668,0.3898739
7.79,32.43712006731327,0.20301953
7.8,32.43672945278274,0.14448091
7.81,32.54280298738949,0.07526964
7.82,32.52106270333969,0.19909054
7.83,32.394483258393734,0.04831493
7.84,32.43137531892242,0.042364717
7.85,32.29663755537542,0.14877027
7.86,32.373112911562345,0.041274697
7.87,33.04497219186515,0.16729173
7.88,32.961895010839946,0.08218467
7.89,32.78415914708045,0.15730494
7.9,33.14173246580455,0.12917015
7.91,34.31697558549843,0.77155954
7.92,33.69701005268771,0.1675156
7.93,33.33644600609736,0.37946483
7.94,32.97871399991316,0.25586045
7.95,32.36572097877587,0.12698069
7.96,32.349899254354774,0.10578725
7.97,32.289862881719046,0.13792309
7.98,32.2917777543115,0.2532366
7.99,32.34768816585923,0.096636325
8.0,32.34432969272127,0.14834502
8.01,32.37711284410904,0.06565523
8.02,32.504680368794354,0.29555768
8.03,32.70899338128093,0.25539684
8.04,32.612909596341254,0.11724663
8.05,32.402546559497154,0.07220045
8.06,32.60560306436407,0.40457135
8.07,34.5194376330507,0.22435606
8.08,35.87476343045195,0.0946835
8.09,37.76489548697828,0.22913346
8.1,40.1732740475685,0.054216146
8.11,42.52232057545488,0.09422243
8.12,44.53644820991321,0.1037887
8.13,44.253672454028525,0.21775696
8.14,44.01354912894195,0.36750776
8.15,44.127702770561456,0.088585615
8.16,40.54753106391353,0.05029139
8.17,38.169673961357944,0.09255737
8.18,37.708887527934486,0.079467565
8.19,36.16779406417497,0.34925252
8.2,35.9227837586442,0.087436646
8.21,35.55014129206898,0.19574773
8.22,35.6428250194871,0.100711584
8.23,35.891909018783906,0.031165332
8.24,36.10575070640229,0.09290525
8.25,35.572029945661,0.06451273
8.26,35.57854960890823,0.14912614
8.27,34.61658246033436,0.029073447
8.28,34.003457665381916,0.05793646
8.29,33.57894369174564,0.40616262
8.3,34.010794005433326,0.23359007
8.31,34.927792729935994,0.32989717
8.32,34.98797729495593,0.25959802
8.33,38.34978452820025,0.046555758
8.34,40.899023570313595,0.097346336
8.35,44.728066115607106,0.06617373
8.36,49.938395269081745,0.035529196
8.37,56.88969076611471,0.05101821
8.38,62.01623334269996,0.10940334
8.39,68.82671078581303,0.025372326
8.4,75.72952515093628,0.057055473
8.41,86.82853174996099,0.16640571
8.42,92.02572769107053,0.43417808
8.43,105.32244582118332,0.2444779
8.44,115.00050585345484,0.06493661
8.45,128.95421804329766,0.011771262
8.46,141.12881495001608,0.0990417
8.47,159.3724166387047,0.016195148
8.48,172.2578738087024,0.017748445
8.49,195.3903350276586,0.009819955
8.5,215.50055875572863,0.41014123
8.51,243.61353865714966,0.06759128
8.52,274.07630754316887,0.22792482
8.53,273.68632580087535,0.7072869
8.54,274.00403632502673,0.82143414
8.55,275.9813984742103,0.8633273
8.56,276.6120621635011,0.84753543
8.57,278.0280333135138,0.69536877
8.58,282.3527675389426,0.38450822
8.59,283.7135033652946,0.06880492
8.6,279.69297851984516,0.03475845
8.61,277.34822289953007,0.014210433
8.62,277.89089015611916,0.020224154
8.63,278.48041417321315,0.013995975
8.64,281.13659459087194,0.013270438
8.65,282.5476508477517,0.047241896
8.66,282.0877098756622,0.031022757
8.67,283.92797558974723,0.45047897
8.68,283.76030713835223,0.49122018
8.69,284.3313862739106,0.49604446
8.7,285.01397479796117,0.6044656
8.71,285.54057222145735,0.8337432
8.72,285.2921988637518,0.7917204
8.73,285.1867738014487,0.82646596
8.74,285.92303009749327,0.7199929
8.75,281.8117918885452,0.5729437
8.76,274.65652354141326,0.46386313
8.77,271.48479691765533,0.04361406
8.78,280.9294861948065,0.13457847
8.79,289.6280456826429,0.37692183
8.8,287.2181560723923,0.4459066
8.81,285.03361070072174,0.18711689
8.82,285.4782319790624,0.12639225
8.83,286.26850283162145,0.33747464
8.84,289.4533670151594,0.26491958
8.85,275.044355184267,0.28138065
8.86,268.8613575547304,0.20342919
8.87,270.1068097459703,0.23703098
8.88,270.1792585439842,0.28083736
8.89,269.34030460245714,0.14153013
8.9,269.11404454219087,0.39141566
8.91,269.1862637500426,0.5405262
8.92,270.33230649006725,0.15839148
8.93,269.20913416152473,0.075522035
8.94,293.04314951042466,0.14331418
8.95,320.83382709534766,0.27730447
8.96,322.8243086484764,0.34514406
8.97,312.77838435508437,0.10597229
8.98,279.1384554761594,0.2484343
8.99,270.58945414290724,0.5474665
9.0,265.7530031315042,0.20733073
9.01,262.6597669214668,0.55915356
9.02,259.7348393638712,0.22639865
9.03,251.89595162094858,0.23301172
9.04,246.49276591517332,0.21949598
9.05,269.054501872022,0.06041181
9.06,297.1558116767203,0.10349074
9.07,321.2061642472557,0.12898552
9.08,313.79682746643414,0.09023377
9.09,309.360761974781,0.33191106
9.1,306.37336531592973,0.29193893
9.11,295.1652127827007,0.17234501
9.12,282.00826516557976,0.05188337
9.13,275.42639869210143,0.11188972
9.14,276.79491732305775,0.09814164
9.15,282.64953250892114,0.6717116
9.16,287.0069539212293,0.5035339
9.17,286.493979257228,0.11687973
9.18,280.87484444995664,0.13283631
9.19,280.12804028748667,0.17882687
9.2,280.9550314371219,0.13045326
9.21,282.5518444289935,0.14032382
9.22,286.0601333479244,0.32912046
9.23,286.63457080184645,0.43723047
9.24,284.725960776635,0.52019536
9.25,282.9721661942351,0.5269936
9.26,278.33173161399833,0.27757418
9.27,278.78048512223916,0.1348646
9.28,279.4702175681619,0.16596466
9.29,286.43764278205316,0.5594498
9.3,283.2651510369721,0.03349659
9.31,270.33091052899425,0.049387217
9.32,250.87516260175616,0.10763812
9.33,231.0796331838489,0.09584114
9.34,214.11962183524804,0.22389695
9.35,198.69180031771845,0.47249052
9.36,189.08193743058834,0.32989556
9.37,172.89209074685976,0.27326316
9.38,161.70578387063773,0.31217963
9.39,151.4763885055101,0.12122831
9.4,145.8379649593571,0.0459446
9.41,149.40791912439434,0.03534904
9.42,147.98330803350464,0.13727406
9.43,145.39930964780802,0.032134235
9.44,144.719657817603,0.03125456
9.45,142.64708064062515,0.02286607
9.46,131.59897158039618,0.09807527
9.47,120.35909403962636,0.049572676
9.48,122.68893081859844,0.36815274
9.49,123.24182325975612,0.34648812
9.5,115.86238203611323,0.20874709
9.51,116.95501939833598,0.37697062
9.52,116.30619158588064,0.32048273
9.53,120.09902325881527,0.18236518
9.54,123.21246740536324,0.17258444
9.55,123.25804197793927,0.06574845
9.56,123.33182878416468,0.029106945
9.57,115.11064233090178,0.04820329
9.58,109.7462637059262,0.20115638
9.59,99.34671802866218,0.0933204
9.6,96.65083187603781,0.14393264
9.61,98.62619279454759,0.12839514
9.62,106.75174834030764,0.23152372
9.63,113.64999699873681,0.24508771
9.64,124.98056570895655,0.3171044
9.65,129.78733382077206,0.14341936
9.66,133.1431153323641,0.117147684
9.67,133.63860327991392,0.25076544
9.68,134.4872190104237,0.39429635
9.69,134.3517131294047,0.12469792
9.7,137.81841404952513,0.39755505
9.71,147.2953133017205,0.25567618
9.72,151.88778830741407,0.28162214
9.73,153.39860508236572,0.26510605
9.74,155.13556653852774,0.29387996
9.75,152.75083438068634,0.11534187
9.76,169.6992667955942,0.057198822
9.77,183.6882320534055,0.11087161
9.78,202.26788964848237,0.065393
9.79,229.65055073271407,0.15319455
9.8,255.19660459011112,0.10750213
9.81,277.76077482379753,0.31685778
9.82,279.9797046070412,0.28065902
9.83,278.429439167421,0.30318302
9.84,296.6096840235098,0.06406444
9.85,315.67712687936773,0.23248678
9.86,317.98323974513073,0.04542002
9.87,316.5993174866029,0.10007051
9.88,317.07585890658174,0.12773576
9.89,313.04645181846496,0.17939818
9.9,314.61829187961894,0.090750456
9.91,317.2914529672089,0.1506831
9.92,309.87752253468136,0.2274057
9.93,302.7451430557344,0.22620174
9.94,304.47106479959217,0.39956954
9.95,322.8056003121338,0.3106436
9.96,325.28483553101967,0.4415079
9.97,328.29593966890025,0.2579133
9.98,323.563553360786,0.18727654
9.99,321.6004526833891,0.14958927
10.0,319.16871357678104,0.100020826
10.01,313.7770310908258,0.057488978
10.02,309.49823293218776,0.053619385
10.03,306.980617413761,0.34932524
10.04,300.1738093936789,0.20844084
10.05,305.521763300253,0.17252839
10.06,308.06225228410733,0.21891782
10.07,277.0526847901089,0.18196332
10.08,259.3487741221889,0.3411926
10.09,260.87254389015845,0.15544733
10.1,257.31431543446286,0.61935705
10.11,259.0261476205892,0.10233164
10.12,255.67661769237165,0.13491324
10.13,268.5705892248615,0.039385706
10.14,269.92199851964585,0.07539353
10.15,267.67917261662694,0.28265595
10.16,268.5747272138808,0.33490118
10.17,282.7367101799619,0.15724784
10.18,285.2742277862094,0.37768862
10.19,280.1243404468119,0.20349866
10.2,276.7521644859373,0.14866519
10.21,304.3056458920395,0.33727923
10.22,294.4153578933996,0.6192282
10.23,295.20376269326965,0.68402433
10.24,297.4631873834775,0.6336053
10.25,301.00851358154335,0.6569355
10.26,306.7361317947225,0.21553418
10.27,311.0890025471156,0.13642263
10.28,310.40568443869455,0.15412188
10.29,318.1552520951535,0.23540208
10.3,332.895282568931,0.15780756
10.31,361.5285394393687,0.106443495
10.32,356.37906775350416,0.1189065
10.33,343.59832233345963,0.26642013
10.34,329.8422892272587,0.8469363
10.35,318.08199787571994,0.55412084
10.36,298.5061295771323,0.09872803
10.37,284.68581011046706,0.31814176
10.38,283.404929550445,0.27473602
10.39,289.74323697073606,0.32707188
10.4,307.83048040982953,0.18820068
10.41,317.10355605747765,0.099533945
10.42,322.6719202436115,0.29888934
10.43,325.41600370626907,0.30274314
10.44,322.5205409684406,0.37241405
10.45,315.36109096371365,0.65188575
10.46,317.93377433307586,0.3889568
10.47,330.20528619000913,0.36115065
10.48,330.8534679637862,0.4879928
10.49,329.78652331800134,0.23816508
10.5,321.182788519236,0.28355807
10.51,297.64660788692294,0.35445994
10.52,283.1854767175034,0.52053416
10.53,272.7229847001464,0.17815754
10.54,269.19392836664554,0.18487343
10.55,268.92548206234096,0.13790822
10.56,268.29488005176717,0.1456933
10.57,266.80969301203356,0.3069829
10.58,269.33592969392015,0.18703187
10.59,267.8289676910878,0.2541412
10.6,266.155945968113,0.41631508
10.61,266.82994705219164,0.56455904
10.62,264.46932670174556,0.043911308
10.63,271.96016101273256,0.440982
10.64,271.7116101695814,0.19738817
10.65,268.4776593476586,0.32831144
10.66,268.6094358345003,0.36912078
10.67,270.8001815377279,0.26336187
10.68,270.49312488224746,0.23312303
10.69,269.8331134155695,0.1580247
10.7,271.50392118793366,0.3876216
10.71,272.27860077295713,0.15293375
10.72,266.4375253436698,0.23549989
10.73,268.7769155828235,0.15191436
10.74,273.21020485151894,0.15578982
10.75,269.9652440315626,0.20532256
10.76,269.5914713442369,0.30333388
10.77,275.922523460495,0.18459645
10.78,272.1850563771007,0.20179656
10.79,275.3820398233392,0.14615193
10.8,285.6384611833489,0.17885008
10.81,292.2106230835144,0.0629285
10.82,290.4629841227513,0.18154386
10.83,288.4964094685011,0.38685304
10.84,293.72473401081413,0.44134855
10.85,303.4488356520485,0.45708936
10.86,307.905179948938,0.46918032
10.87,321.72290117654575,0.4564115
10.88,327.9168933906617,0.7005759
10.89,332.2479930556217,0.7943816
10.9,336.7358969087268,0.73953116
10.91,342.4662854242843,0.6973674
10.92,345.358379942337,0.7193567
10.93,348.13412002777454,0.65733624
10.94,350.387510403236,0.5037344
10.95,350.47978187328346,0.46158993
10.96,350.5022188941684,0.44711304
10.97,349.9067458521289,0.47125992
10.98,348.48464304971094,0.5124895
10.99,346.9209607240301,0.546947
11.0,345.97377180481976,0.5329888
11.01,345.3712826137539,0.47911137
11.02,348.6636160750196,0.51978564
11.03,349.1651437708275,0.5581155
11.04,346.08187983834085,0.54367685
11.05,341.0108513075986,0.38331932
11.06,339.6073771158566,0.39391333
11.07,343.3792835914756,0.5430413
11.08,346.5321206010154,0.59520537
11.09,345.9520410894473,0.5459227
11.1,338.5752559064873,0.5487348
11.11,335.4105497777638,0.63164747
11.12,337.5880578709922,0.5651195
11.13,338.5279394675821,0.56994593
11.14,338.43969508879303,0.3145029
11.15,333.2386785278603,0.28557348
11.16,352.6558137341505,0.2630552
11.17,318.8829829695736,0.34611654
11.18,322.3651713792141,0.3403131
11.19,322.91705900203164,0.32486266
11.2,302.208166231484,0.38159657
11.21,285.52832982456005,0.5051445
11.22,285.7565673481992,0.8222779
11.23,287.0709584908518,0.8836963
11.24,289.2000196226301,0.8968063
11.25,291.11314951006614,0.91402256
11.26,292.75442432002285,0.8729904
11.27,294.4258125735116,0.88711107
11.28,296.2443612995462,0.8504586
11.29,300.4046034279073,0.826604
11.3,304.75529924652494,0.88154876
11.31,309.04285888221085,0.93450403
11.32,311.1874190024904,0.93285525
11.33,313.2886619856836,0.9388231
11.34,315.37771079109956,0.93145704
11.35,317.69397390539973,0.89831984
11.36,320.74222167566757,0.8966621
11.37,323.0408711978234,0.9131701
11.38,325.1064228165682,0.9044649
11.39,326.83540366852213,0.94461673
11.4,328.79935850389563,0.9139687
11.41,331.07078769117766,0.9388603
11.42,332.3278526145251,0.90575206
11.43,332.2917980731005,0.85469663
11.44,331.38144853343016,0.8040365
11.45,329.53816199982623,0.74539834
11.46,331.96192688746874,0.70589435
11.47,332.7348666230763,0.70907366
11.48,336.4568177079661,0.7463616
11.49,340.5408637831853,0.68909144
11.5,344.0178763029309,0.66869134
11.51,347.7609115719718,0.68387824
11.52,350.229027659151,0.4960762
11.53,350.1526340978291,0.4289421
11.54,350.42661707325544,0.56185734
11.55,350.24358079676756,0.5644831
11.56,350.01357800863735,0.51468873
11.57,347.921984431993,0.5367856
11.58,347.38796288514664,0.52925056
11.59,345.48613502866664,0.4946127
11.6,346.9137130009717,0.5159017
11.61,348.06948957179543,0.5135577
11.62,344.66464722829267,0.4264332
11.63,343.06034344038915,0.22043923
11.64,341.70569257698986,0.27942234
11.65,343.84959764526013,0.40849653
11.66,346.71283523454264,0.70128405
11.67,324.89163477868465,0.6684854
11.68,292.74623936368096,0.4876233
11.69,286.27626830357167,0.6014366
11.7,285.5728299195589,0.87121755
11.71,287.76074498372856,0.9247863
11.72,290.1444948331583,0.86756206
11.73,291.709443807407,0.90333974
11.74,293.5841475797264,0.90459645
11.75,295.2417378027304,0.8863093
11.76,298.00405890553895,0.87472874
11.77,302.54772721831256,0.88305557
11.78,306.9794192631451,0.88650817
11.79,310.18193666648745,0.92872226
11.8,312.3131637477252,0.9488554
11.81,314.6510356165262,0.91959417
11.82,316.486237023939,0.9270936
11.83,319.06877913559447,0.92130435
11.84,321.57623703478686,0.88517046
11.85,324.1197162917177,0.915841
11.86,325.9400973846583,0.91693497
11.87,327.4636188934821,0.9384375
11.88,329.93969491769116,0.9405048
11.89,331.83646161821906,0.9361197
11.9,333.55002558834406,0.8955521
11.91,333.3663516133484,0.7911539
11.92,328.9779390246416,0.5820568
11.93,309.6879271404478,0.47491068
11.94,298.7003452204629,0.7011005
11.95,297.173032065696,0.8443735
11.96,297.546584997094,0.90582263
11.97,299.58924412346977,0.9319892
11.98,300.46651480910674,0.9382248
11.99,299.6697001274169,0.9278512
12.0,299.12074829609105,0.91820633
12.01,298.72428081330617,0.89011204
12.02,297.23671201067174,0.8079277
12.03,295.89072165802736,0.8833692
12.04,296.4981968029349,0.91197324
12.05,296.1611240099765,0.9240389
12.06,296.48350728599434,0.9296057
12.07,296.7062167318516,0.9220717
12.08,294.5325065483372,0.9427086
12.09,292.54705971611133,0.87143916
12.1,292.00905786685405,0.83265066
12.11,290.90630998990014,0.75983894
12.12,289.8464930249264,0.7627285
12.13,287.80083473640235,0.8260009
12.14,288.33265540575906,0.85989714
12.15,288.1148512264288,0.83784425
12.16,287.30892678787603,0.8185163
12.17,285.9376198227781,0.8723812
12.18,284.79073358362587,0.930974
12.19,285.01970117615207,0.88473815
12.2,285.7279073039975,0.74042684
12.21,288.5325452266322,0.6380872
12.22,285.29359515624594,0.79601896
12.23,284.2389650103095,0.7642598
12.24,282.0345974837425,0.5723514
12.25,279.31515334133724,0.4618808
12.26,276.12206657771856,0.7157708
12.27,278.77805293920136,0.7452164
12.28,278.23397539933654,0.8155092
12.29,277.79573552628193,0.82346755
12.3,277.1131634028796,0.8187667
12.31,279.95522053944546,0.75708675
12.32,274.87978377040685,0.6033803
12.33,278.5554425623666,0.5512981
12.34,277.2709025136119,0.7907856
12.35,277.66674886258625,0.877002
12.36,275.9262313218998,0.9042913
12.37,279.0594217471788,0.830009
12.38,281.6623655586778,0.7119937
12.39,277.32145526425705,0.6721837
12.4,274.5659970666418,0.686545
12.41,281.0607161310697,0.5209832
12.42,285.26205281221917,0.349649
12.43,278.0603522412806,0.49196795
12.44,278.9996795262764,0.722292
12.45,280.43340173511837,0.7707474
12.46,282.0887397518187,0.5266689
12.47,276.5583110407598,0.44827536
12.48,284.4462877084078,0.6139306
12.49,288.4398689931529,0.46049038
12.5,280.25937439799856,0.3945911
12.51,270.7769968792554,0.45296255
12.52,241.94522402947678,0.18007961
12.53,209.91341804830043,0.18251881
12.54,184.69527294478758,0.36579344
12.55,157.54950480799383,0.53854
12.56,141.77267340997352,0.7737544
12.57,140.34515655580879,0.8076912
12.58,140.52405189484406,0.7845987
12.59,140.69343779987068,0.62991893
12.6,138.4517835463181,0.5556239
12.61,136.87632990239348,0.75068825
12.62,136.5740661737944,0.8049596
12.63,136.51336568674057,0.73108304
12.64,137.4516633537064,0.4618719
12.65,138.18395995478733,0.27077073
12.66,150.14157095304972,0.4574078
12.67,174.35181535085732,0.15322194
12.68,185.3142912818997,0.22374731
12.69,212.83488185147692,0.10652229
12.7,228.53210478467363,0.15142676
12.71,257.0465541513551,0.39010134
12.72,287.15312847495335,0.5338991
12.73,276.6310491731486,0.4184936
12.74,270.54200958320274,0.5880322
12.75,265.41922481436825,0.49666858
12.76,264.96895168096864,0.36796987
12.77,257.0771594425081,0.47694808
12.78,257.12043390855723,0.24087349
12.79,255.7993063554784,0.31011656
12.8,255.51774530968356,0.27337545
12.81,258.3038496491024,0.21552381
12.82,261.5666014018229,0.057276607
12.83,262.39132920894866,0.062396735
12.84,264.0900700355133,0.063326925
12.85,271.4917937528548,0.048600405
12.86,285.9342937842751,0.31536114
12.87,292.6467890501572,0.18031472
12.88,299.20261359493577,0.14341095
12.89,297.009356546288,0.18988177
12.9,299.8974938768659,0.12187445
12.91,322.55646206995925,0.19966403
12.92,339.2993933361857,0.24485227
12.93,347.35253863541993,0.16030765
12.94,305.8385092593781,0.083743155
12.95,279.71122203113646,0.06862149
12.96,264.3127433908052,0.18889305
12.97,257.74979293155644,0.31108665
12.98,256.45167846016096,0.112032235
12.99,262.21233146269947,0.43697953
13.0,278.129288960708,0.4091513
13.01,285.716602198557,0.08064532
13.02,278.90770259078704,0.22668871
13.03,249.23315858835315,0.2553653
13.04,238.28206934780633,0.098092556
13.05,240.79851019442285,0.36123928
13.06,239.43608814937957,0.24309203
13.07,238.3430084374116,0.5702071
13.08,237.79500907645536,0.5880056
13.09,237.1946815214185,0.52997965
13.1,238.6230907852784,0.09613785
13.11,210.88055152653857,0.13993996
13.12,188.3112926444851,0.24701005
13.13,177.70823241276986,0.23309684
13.14,156.46539800030422,0.29110283
13.15,142.21044719198406,0.19732529
13.16,129.19588568185793,0.19705734
13.17,118.89758807851217,0.3591442
13.18,118.87587736855409,0.6727053
13.19,119.40382193685835,0.49484256
13.2,119.80764075495301,0.25836915
13.21,126.79145893014385,0.2387762
13.22,118.25497364238092,0.12889251
13.23,116.03680723556042,0.30368644
13.24,115.22951260909666,0.1553351
13.25,113.73399359847622,0.24037895
13.26,110.21773281645714,0.20334911
13.27,112.08925178021879,0.03952259
13.28,117.13920223823769,0.06347498
13.29,115.59077936694231,0.12561485
13.3,124.90805797511756,0.19294551
13.31,146.6235316597448,0.04250893
13.32,161.84595072105026,0.01571086
13.33,168.27964865809116,0.1694558
13.34,167.79449154559023,0.27537075
13.35,181.46977590774475,0.17972684
13.36,206.1085485024222,0.34471703
13.37,229.5293034427889,0.6869668
13.38,255.47775391571497,0.50519305
13.39,276.1019141448445,0.58898497
13.4,319.09908531804115,0.25676912
13.41,347.22476029421756,0.22018263
13.42,348.8758662552284,0.26694357
13.43,344.37530198867904,0.06566039
13.44,339.1062479485146,0.0753645
13.45,333.4058804380166,0.089240074
13.46,321.64880308626545,0.18095845
13.47,314.60462557995,0.2636334
13.48,302.8382953534928,0.39085114
13.49,305.1110048492368,0.27410078
13.5,301.8561396368877,0.17384091
13.51,277.9492356471357,0.3221777
13.52,272.36631821916217,0.3246574
13.53,273.5390134032098,0.28705603
13.54,309.35918837331167,0.18588462
13.55,350.72859479689845,0.5595408
13.56,349.4187578304215,0.6947263
13.57,350.6117746068402,0.63295454
13.58,352.1299727269653,0.6606767
13.59,354.9541072870003,0.33387756
13.6,352.68103265483137,0.1625734
13.61,346.91502478342494,0.3307494
13.62,345.94015301217206,0.35553205
13.63,351.2857721415297,0.28282216
13.64,357.68747709377493,0.3568545
13.65,356.7341079813025,0.5648424
13.66,347.829199588704,0.36201465
13.67,344.96852252571307,0.19509166
13.68,343.1189513458561,0.20283839
13.69,342.80016255410516,0.44629335
13.7,342.47985137713505,0.55700034
13.71,346.6760972375156,0.29476568
13.72,344.8620701696153,0.4149539
13.73,343.24945501996183,0.17554703
13.74,345.4720406200733,0.3450153
13.75,345.81681493184215,0.037052423
13.76,340.8455084429513,0.15810597
13.77,320.0619672416395,0.2205514
13.78,307.3883710300055,0.29630393
13.79,297.51213048527393,0.13359854
13.8,298.9400625994166,0.25360167
13.81,304.14927092232665,0.31289768
13.82,310.99316542796294,0.1967096
13.83,314.37283637573205,0.8681741
13.84,313.69501382635326,0.4203014
13.85,316.24871198185554,0.1255725
13.86,316.8836158260552,0.0748879
13.87,321.8780007271875,0.081768006
13.88,325.60744588206387,0.15426034
13.89,331.0967065495927,0.12025601
13.9,335.6215660782268,0.07406628
13.91,352.1112798512312,0.21829864
13.92,351.46467225073656,0.31242096
13.93,351.33206199977343,0.106859714
13.94,351.43065554186626,0.10346219
13.95,341.5914602086415,0.3247631
13.96,339.0303270055306,0.20638436
13.97,338.7550526852624,0.3498301
13.98,334.555352272267,0.34222096
13.99,334.78540499442784,0.7472309
14.0,336.28767173284785,0.20643178
14.01,331.83855699716037,0.1391002
14.02,331.2629374786638,0.053448975
14.03,327.016467138978,0.06683126
14.04,321.7276436834089,0.5375123
14.05,318.8999533246028,0.12089974
14.06,322.26245517960274,0.30986077
14.07,322.25462804202243,0.08498177
14.08,326.6234104554922,0.12700534
14.09,338.761440057848,0.15440369
14.1,347.37436455334375,0.25913012
14.11,353.2850768643583,0.15810567
14.12,350.79768239507587,0.13154906
14.13,346.25428401588186,0.17574608
14.14,338.9966404809156,0.3068897
14.15,341.7934707981841,0.09495419
14.16,349.2615342098993,0.08676714
14.17,320.307370633403,0.2081897
14.18,303.6136964919807,0.15014446
14.19,292.1935486105121,0.19180861
14.2,291.2188882760008,0.20427978
14.21,295.4185617690224,0.25090942
14.22,301.26449344223767,0.40344906
14.23,305.7867677038014,0.27580228
14.24,315.15463674549943,0.19365093
14.25,318.07211077165266,0.5918268
14.26,318.2345127096428,0.57562
14.27,323.5483887417463,0.19621351
14.28,299.51747122031946,0.12523657
14.29,295.2178630074665,0.110630184
14.3,297.5150027990569,0.1996617
14.31,293.90887589240754,0.27620256
14.32,292.7212513479768,0.12174755
14.33,293.64334402425305,0.08750561
14.34,293.5912292735731,0.041276306
14.35,294.7631201838688,0.07460317
14.36,299.0134565850688,0.16515785
14.37,302.58405205385054,0.08546448
14.38,302.31287273546377,0.0632776
14.39,302.57176261403526,0.05825895
14.4,302.74050462154634,0.046177655
14.41,305.53299519066064,0.18429887
14.42,308.9412092120988,0.14361987
14.43,303.4971568404568,0.4499532
14.44,300.19792732500326,0.44309458
14.45,301.20484161854023,0.020677805
14.46,303.0586808926542,0.087901235
14.47,310.5025358141497,0.09029752
14.48,311.8098903359618,0.01407218
14.49,318.88324183411623,0.026377797
14.5,320.94739473539676,0.08915168
14.51,321.7636588054179,0.27997857
14.52,323.7885372553153,0.21483693
14.53,321.7854492025117,0.034097135
14.54,319.59525861085535,0.03766668
14.55,317.21895902171286,0.08728278
14.56,312.8380806912413,0.10086402
14.57,314.7477909752889,0.041335583
14.58,319.1009483500321,0.085231364
14.59,323.6152528160195,0.040069252
14.6,321.72167648157176,0.031416208
14.61,319.7452444923631,0.094561666
14.62,318.5302765152516,0.043714255
14.63,322.4187321021646,0.185256
14.64,326.8986191707958,0.09168488
14.65,324.8572530911426,0.30175
14.66,325.4178637486473,0.3931771
14.67,329.8744070167329,0.20921108
14.68,334.3618372468445,0.35030448
14.69,329.2007772811952,0.095874935
14.7,295.2034801774338,0.112849236
14.71,316.72239595405136,0.047208667
14.72,345.18755087683826,0.13304219
14.73,380.24872472362176,0.23183694
14.74,379.9369525204656,0.09924993
14.75,360.9318779492634,0.10199687
14.76,351.6181365382781,0.08481473
14.77,346.5066119143273,0.14869395
14.78,341.7323441611731,0.16074571
14.79,313.05309990516514,0.327132
14.8,295.0847940008008,0.22367018
14.81,289.48680403450237,0.34127536
14.82,296.3249921303211,0.18499878
14.83,306.3245726527181,0.21489522
14.84,317.34559040686565,0.22941974
14.85,287.6596540777205,0.37033284
14.86,278.21111413251646,0.6453663
14.87,271.4818768878579,0.7649611
14.88,267.0423550015604,0.71918446
14.89,260.62561738770745,0.6078346
14.9,254.79382245403184,0.547753
14.91,253.46654755466147,0.51031464
14.92,237.5557382892626,0.07434744
14.93,213.3809790621985,0.079339415
14.94,197.98961568457432,0.1368855
14.95,188.1947199864084,0.09278685
14.96,168.8173311670642,0.19095635
14.97,160.45999373541687,0.064843714
14.98,150.98359646847334,0.20058116
14.99,152.88958050400205,0.11607689
15.0,162.81471712340235,0.20475397
15.01,170.79336667104357,0.27672595
15.02,173.39496045130534,0.5014612
15.03,164.17225479313234,0.42567176
15.04,154.3090657699271,0.04673925
15.05,141.70833612356486,0.03316006
15.06,130.67173157993938,0.0738678
15.07,120.45235094871728,0.036523342
15.08,113.69872578832515,0.09125742
15.09,113.65060344115392,0.10043195
15.1,106.66741802049941,0.10280278
15.11,100.8855021105226,0.09037551
15.12,101.90859346415087,0.034644485
15.13,107.38884309639926,0.054087013
15.14,110.4043204659871,0.16556612
15.15,114.09143032441627,0.098653644
15.16,113.74929333227595,0.32576296
15.17,115.47957053725938,0.33417374
15.18,116.41080730400547,0.39997125
15.19,117.4419743183648,0.33149922
15.2,128.81837727502304,0.09089902
15.21,145.0187439140673,0.112436384
15.22,163.29087477996433,0.47690433
15.23,178.52487565490918,0.48135957
15.24,178.0572533855855,0.49634972
15.25,177.61467234802973,0.2832353
15.26,174.77335786904797,0.64109856
15.27,173.26817507163122,0.5589234
15.28,179.08274878704356,0.25123537
15.29,177.37128646796344,0.06110689
15.3,174.81614286688966,0.39411867
15.31,173.67470164829882,0.08702403
15.32,175.21026554101195,0.051926374
15.33,180.2297222631667,0.09742457
15.34,193.66331292747952,0.07603052
15.35,206.6417642734914,0.15156102
15.36,225.4563657276233,0.061973065
15.37,235.39045639945704,0.14064997
15.38,257.31008197481356,0.25131726
15.39,280.9055669367478,0.09390679
15.4,294.86775390978937,0.2797618
15.41,292.6128122153033,0.06716561
15.42,289.41031087863513,0.056221843
15.43,290.90240779423925,0.5023157
15.44,323.88203737206175,0.2994563
15.45,324.48815379990936,0.07248238
15.46,330.93628040070405,0.1216746
15.47,334.4672401490923,0.17219508
15.48,334.9177869924168,0.09500253
15.49,308.1086417507549,0.048605144
15.5,294.77971660765746,0.032504767
15.51,327.0871866740232,0.20341974
15.52,318.8112760858784,0.36251855
15.53,309.4471432788978,0.11545646
15.54,302.2675222006128,0.17069882
15.55,298.4130794466231,0.33756238
15.56,281.43100736406126,0.33454433
15.57,288.71803945297233,0.12936941
15.58,300.72026551740583,0.20745936
15.59,303.7943300725153,0.22012147
15.6,298.437194336959,0.1998873
15.61,294.17357773721113,0.46893135
15.62,299.65958681707474,0.66070133
15.63,301.2507289938516,0.5433717
15.64,307.76698762109555,0.5367499
15.65,305.83527951142696,0.41473597
15.66,302.64394687510367,0.3334269
15.67,299.80151057605485,0.31674394
15.68,300.3413729836702,0.05623302
15.69,303.2366371418878,0.17868584
15.7,314.3020913665388,0.1329762
15.71,313.8599602554049,0.3843857
15.72,314.20374981213945,0.20310128
15.73,306.77511651246834,0.0669778
15.74,300.40276203538514,0.034871697
15.75,296.76375999480564,0.07468927
15.76,287.8088073119074,0.21305239
15.77,282.6868853178122,0.3346125
15.78,281.7893273623071,0.16646677
15.79,281.36792159005785,0.088293225
15.8,282.8344506024859,0.275568
15.81,286.23797379954783,0.39137864
15.82,286.1103014979212,0.341343
15.83,287.88636215657624,0.4505692
15.84,288.97557508767926,0.57427937
15.85,287.7833944036852,0.068831265
15.86,300.83628728034444,0.030917645
15.87,308.81863454284087,0.21159947
15.88,306.082894165855,0.26190475
15.89,303.9415424591566,0.23922572
15.9,298.0357835810035,0.3156427
15.91,301.8075436517909,0.21118385
15.92,298.04391118992584,0.27467674
15.93,295.51036598927743,0.23485106
15.94,293.8146640828638,0.37531736
15.95,297.6646058927811,0.38505572
15.96,301.6286788812512,0.5757693
15.97,301.34329669630984,0.3831327
15.98,301.34177775499177,0.30147162
15.99,300.9106632738677,0.4280792
16.0,299.00691284100674,0.31847122
16.01,294.79032825750784,0.20047227
16.02,296.4572688189742,0.06410575
16.03,279.0098024833841,0.14948803
16.04,305.9557965252459,0.29082185
16.05,300.49907272474206,0.28095883
16.06,299.4553833243774,0.31284368
16.07,298.7930946212825,0.5060516
16.08,301.0863623228779,0.14903125
16.09,291.0799009188725,0.09788039
16.1,287.11389142071334,0.043552905
16.11,281.9183675300371,0.101287216
16.12,274.11663941563285,0.09006649
16.13,273.3128568034981,0.35000324
16.14,270.25086327761284,0.2854082
16.15,269.71255804308873,0.17447868
16.16,271.1665498048766,0.2812398
16.17,277.1574708793524,0.34346366
16.18,278.2718267872367,0.05113074
16.19,294.7617116680432,0.11214933
16.2,301.7854052722329,0.45561668
16.21,298.987949061822,0.17641085
16.22,299.601246232395,0.15814856
16.23,300.5260766430591,0.14442539
16.24,296.2716016279673,0.112648934
16.25,293.352571089805,0.20574585
16.26,286.6861742365441,0.14568871
16.27,287.3111316403506,0.306054
16.28,292.8307250618135,0.16999853
16.29,292.91424137699596,0.60141826
16.3,287.2473429256842,0.09419295
16.31,291.33779433753,0.24398744
16.32,295.04787175172055,0.16930908
16.33,299.16037489577786,0.21497884
16.34,300.2075129365397,0.22674653
16.35,300.7099235776698,0.061088502
16.36,299.66827769384145,0.21113458
16.37,307.7457941436005,0.43677735
16.38,309.07115349641964,0.23694697
16.39,306.3132624729101,0.15126634
16.4,302.53965130388144,0.30323827
16.41,301.6168163699675,0.35963523
16.42,297.57777686024775,0.16310236
16.43,278.2778285162473,0.047980726
16.44,262.7752747134387,0.16396603
16.45,277.1946180528573,0.1098527
16.46,292.46194762064414,0.082451224
16.47,301.4809385200177,0.09396565
16.48,309.8720069307987,0.3134781
16.49,311.76876431549937,0.4971289
16.5,287.32770595149157,0.19676682
16.51,290.0343241729614,0.30038035
16.52,288.5221055059663,0.7572622
16.53,290.5759515146601,0.20556682
16.54,293.3492131318136,0.30633807
16.55,336.3373860998364,0.4386725
16.56,333.3439000771681,0.28888294
16.57,315.37969059384943,0.17685533
16.58,306.2134895093813,0.10488802
16.59,300.49975593757586,0.054561794
16.6,300.7273095528908,0.21062917
16.61,304.43246862717103,0.345432
16.62,304.39238764183125,0.3469074
16.63,303.6410123842345,0.39959356
16.64,298.4970697040347,0.2622014
16.65,303.7490410585891,0.30793464
16.66,303.23204904215345,0.22627175
16.67,301.4487838920568,0.16414967
16.68,297.8970937570246,0.2658753
16.69,296.9303179779171,0.43734387
16.7,296.42177806677944,0.19220763
16.71,299.9803846387227,0.10043189
16.72,306.78236223359596,0.11376715
16.73,307.3526431027721,0.041877866
16.74,305.77440100267484,0.06670883
16.75,306.44061206565647,0.1582264
16.76,308.4090465429774,0.47457457
16.77,319.02470781685594,0.57760006
16.78,324.5896132414936,0.41307408
16.79,324.4665690418822,0.5571656
16.8,326.38473139120157,0.43061563
16.81,328.85916500802006,0.148076
16.82,321.2729424696639,0.022840649
16.83,311.406364459664,0.07806489
16.84,297.27456998280155,0.031009972
16.85,283.1292662883771,0.06603566
16.86,273.0798701173556,0.06997368
16.87,266.03840274563333,0.09072685
16.88,267.97843462125167,0.26408678
16.89,274.189426228588,0.082322925
16.9,305.1304871001573,0.7022038
16.91,322.2004356672392,0.8040061
16.92,323.74595116416094,0.6636605
16.93,320.21905511159133,0.33828008
16.94,317.10499446554263,0.27380526
16.95,315.25976594282264,0.052610517
16.96,313.6086816680666,0.03637573
16.97,312.0169062530942,0.06549096
16.98,308.9812606316831,0.2772873
16.99,310.18293410156804,0.26528406
17.0,316.09920578240155,0.15081093
17.01,322.5522839723038,0.11580908
17.02,332.01740756045723,0.13925445
17.03,329.6031780118759,0.069643974
17.04,330.2331308155237,0.42907688
17.05,328.2910561255263,0.38192293
17.06,329.2460844812439,0.28325745
17.07,358.3055907869193,0.24688464
17.08,330.6678371196168,0.20147514
17.09,303.3585526656143,0.0459238
17.1,285.08343382576277,0.293657
17.11,283.261626004956,0.470422
17.12,280.7964240064641,0.18253955
17.13,283.28078711028115,0.07641834
17.14,285.70645962799534,0.10276207
17.15,290.23826718165185,0.043813527
17.16,302.33660671920677,0.025656551
17.17,307.5970872138925,0.16695628
17.18,328.20305981690325,0.26033163
17.19,330.55948234649577,0.45582676
17.2,332.2559149298732,0.46879107
17.21,336.6886571044797,0.17120993
17.22,352.1298263222226,0.24606264
17.23,342.17244154394507,0.03240651
17.24,330.5816210403429,0.07633391
17.25,316.6966768400137,0.08447915
17.26,298.0377129033513,0.038046956
17.27,284.0051798825894,0.13160297
17.28,279.46743834890935,0.15447518
17.29,264.6437781566278,0.15945238
17.3,263.6134243909388,0.18503705
17.31,264.52678345058257,0.2217722
17.32,264.96516461679806,0.46607614
17.33,260.5933405216863,0.2743091
17.34,276.56715702036087,0.024564058
17.35,299.0408377534617,0.28182137
17.36,314.1494493657494,0.7808817
17.37,350.757642209619,0.42247283
17.38,364.5777471982441,0.36885834
17.39,362.64201190673896,0.7027958
17.4,365.21498292569106,0.5275974
17.41,366.4603433667697,0.15645629
17.42,368.4699855271953,0.08754611
17.43,365.0121361817616,0.074994415
17.44,364.4502245107998,0.13171193
17.45,366.3198774972891,0.10937905
17.46,367.24282404289806,0.22846717
17.47,360.70270387780556,0.12293503
17.48,361.3592836523637,0.15730548
17.49,320.73445571615537,0.07118341
17.5,284.18335786651926,0.07385364
17.51,265.7456322473524,0.07916099
17.52,267.5315626795832,0.2614234
17.53,268.7912724415845,0.31914294
17.54,271.38921914152104,0.10454512
17.55,281.26932598455363,0.11574125
17.56,292.25116059626777,0.2963587
17.57,301.95606050730765,0.057066888
17.58,308.13161958154865,0.08597463
17.59,310.53321689253147,0.021194726
17.6,308.7436440091676,0.18169352
17.61,316.37747258501906,0.053534925
17.62,324.2665164974022,0.019657195
17.63,330.71024668690137,0.10359272
17.64,332.4236121437973,0.038054764
17.65,333.5896876399153,0.027064383
17.66,334.118492760272,0.015154213
17.67,339.475320261487,0.112478316
17.68,352.7663638587222,0.10266644
17.69,361.26985747826006,0.099618435
17.7,363.0303662768654,0.23213673
17.71,365.42101888243826,0.20903084
17.72,362.03335519525524,0.06724858
17.73,361.5814851358905,0.038445026
17.74,358.25489503412206,0.22065723
17.75,355.3863848866131,0.21433944
17.76,357.7141644945572,0.26236853
17.77,356.0305536692621,0.15026623
17.78,357.0257117726123,0.11117467
17.79,351.9981891035064,0.30189663
17.8,342.5894035024222,0.33047855
17.81,324.16576348813715,0.42065462
17.82,325.4039573678458,0.08033642
17.83,326.4680367787885,0.15148425
17.84,328.46655862498955,0.046928912
17.85,328.18481386461906,0.1600782
17.86,322.6332383711505,0.57262003
17.87,323.6025811673153,0.60034597
17.88,325.9467695164323,0.46770895
17.89,325.46756037939315,0.35227406
17.9,323.5141519622655,0.17732623
17.91,324.0848508503489,0.15367717
17.92,326.41814421385277,0.35480258
17.93,318.2394081859189,0.05630243
17.94,314.22274045867516,0.47141236
17.95,313.5718334049077,0.06934443
17.96,312.8183302096296,0.30129677
17.97,313.02307415281473,0.39227337
17.98,307.89029127247557,0.2991849
17.99,304.8984014537984,0.2766378
18.0,305.14829736832064,0.31240636
18.01,308.3408104492021,0.09461278
18.02,307.50514125610135,0.083799064
18.03,305.7634500820922,0.09007147
18.04,305.06892013771795,0.17595363
18.05,306.3908316786101,0.31664738
18.06,305.45334476383454,0.19878516
